TimeBin,eGreedy0.1,EnsembleRandomUpdateAll,eAnnealing,EXP30.5,EnsembleEAnnealingUpdateAll,Softmax0.1,Naive3,UCB1,Random,
0,0.041043507829514,0.0397334336445429,0.0412313135566824,0.0379203461267088,0.0390239978400371,0.0395256714330065,0.0422556154537278,0.0421255473481571,0.0353751382606192,
10,0.0427632831894157,0.039103999113833,0.0430975646014922,0.0382883834363981,0.0390825315279558,0.0379981990941662,0.0425218556948026,0.0365761271557114,0.0347823931187876,
20,0.04352562314313,0.0386575112514295,0.0446964658902452,0.0388873461858988,0.0407811741305261,0.0371477240648944,0.0429250303969075,0.0368804048861222,0.0345384530031423,
30,0.0453980655855785,0.0383116576940698,0.0466824130404604,0.0393942655854317,0.0421983953995655,0.0376143258430808,0.0441567670466431,0.0372863413640682,0.0340557271771616,
40,0.0460593456597166,0.0384231790275166,0.0479237600235585,0.039879590268941,0.0427568444122966,0.0377447370170793,0.0448612869105081,0.0360233960729042,0.0329570047799138,
50,0.0459181929587405,0.0392238992871592,0.0476065100971059,0.0398124682574871,0.0438189717337263,0.0372782716686641,0.0454364494730709,0.0358801942841359,0.0319119061057338,
60,0.0452970579243816,0.0400706039132673,0.0469824010098518,0.0394283665493318,0.0453603991981098,0.0364175142475864,0.046072824051057,0.035306659216818,0.0318312117998582,
70,0.0440674404132974,0.0401205745849228,0.0462939286617874,0.0383614657052223,0.0468083686035008,0.0351875894851071,0.0467926234914154,0.0342553869400921,0.0319255883969772,
80,0.0434893835961837,0.0399407794470962,0.0450034858796333,0.0379268589716918,0.0470830320034004,0.0351501514442327,0.0477080547162222,0.0330180562814633,0.0320436136470467,
90,0.0437989162559424,0.0396852124404313,0.044522940288716,0.038233966409988,0.0471436061211048,0.0352311514189785,0.0480706499050879,0.0319688314592182,0.0319624636610812,
100,0.0444143991058861,0.0392569573490507,0.0450438643877173,0.0386018526282792,0.047128990351626,0.0354375802955112,0.0484298610350881,0.0314136349463094,0.0317599309870224,
110,0.0451948601036806,0.0389182482981096,0.0457042248049294,0.0387586829725935,0.0470329203792032,0.0357947839217041,0.0487320740999147,0.0313823459696045,0.0317847820675067,
120,0.0460366039156429,0.0384528328300191,0.0465254369324049,0.0389801720785155,0.0466907906501963,0.0359118446054931,0.0486315249638058,0.0315692270556253,0.0320362398610713,
130,0.0470858213356301,0.0377016068833394,0.047315592349799,0.0390565512739195,0.0461976254072067,0.0360207339866068,0.0484894708404247,0.0318473204648008,0.0322815958212598,
140,0.0483638484072463,0.0375897971958774,0.0482928559165028,0.0389475841794092,0.0454834481109734,0.0362073674290488,0.0481397347052063,0.0328050552358095,0.0326206099777118,
150,0.0498397022217636,0.0377406702887617,0.0493816788736348,0.0387804591713869,0.0448626218340049,0.0364039379485279,0.0477446789764941,0.0336341777004902,0.0330106687320619,
160,0.0510338769709832,0.037919006160294,0.0509477135111923,0.0386850876459018,0.0443483940626448,0.0364552678029386,0.0472648438641701,0.0338506795794404,0.0334584563350381,
170,0.0523290228952905,0.0380188929844457,0.0523991707179331,0.0386317050071559,0.0443887699911891,0.037256241691505,0.0466463042128431,0.0343253787405629,0.0339044785031707,
180,0.0537420810496133,0.0384585712476313,0.053570471085633,0.0384515195359457,0.0446042260769815,0.0378338079986233,0.0459487687487983,0.0353083581171508,0.0342806479126362,
190,0.0553523083743498,0.0389569932853079,0.0549521759125376,0.0382405866109193,0.0449216525907071,0.0389106289116934,0.0456048312011921,0.0365293185469645,0.0345676463166339,
200,0.0567400516587937,0.039489917586666,0.0564991844852423,0.0381249386539812,0.0452548282974274,0.0397092086349564,0.0453934470302567,0.0375358760944833,0.0347775640367777,
210,0.0579312011926475,0.0397103321795735,0.0580887731753403,0.0381443276916565,0.045688016805011,0.0405251206686122,0.0455480780753243,0.0384542549597097,0.0349664258741522,
220,0.0590351891983502,0.0400080989608614,0.0596998669103791,0.0382141038359933,0.0463020419231425,0.0410185126036945,0.045531526809233,0.0396738107321835,0.0350228630682215,
230,0.060129356786629,0.0406081852243,0.0610878264989505,0.0383366459436845,0.0467544045396064,0.0414849957515658,0.0456774249081237,0.0406316347242136,0.0348106680069762,
240,0.0610466502179302,0.0413193647038156,0.0624387528573611,0.0383696272809073,0.0473091226587207,0.042156838607162,0.0458634656166804,0.0414642336163847,0.0347518038467483,
250,0.0618940887487361,0.0419820114404769,0.063476944680259,0.0383898571738366,0.0479571016545987,0.0429936291168066,0.0460382902698927,0.0422906323313178,0.0348658260328339,
260,0.0625901702836463,0.0427390255769204,0.0641898290234379,0.0384741937430276,0.0483995989570738,0.0431896266737722,0.0465118256474465,0.042847416590882,0.0350205695882388,
270,0.0631230911174323,0.0433285272398473,0.0649718332222998,0.0385038632834138,0.0491242855044815,0.0435862068419433,0.0468831663049498,0.0435038814144808,0.0351781263310444,
280,0.0636745676044514,0.04406161176291,0.0657613829851246,0.0386429642879769,0.0499921055287366,0.0437127910302854,0.0472595846314975,0.0441853632243405,0.0352926426750946,
290,0.064050999812202,0.0447102813228241,0.0663515628244108,0.0387123813063461,0.05084804711923,0.0438022863559429,0.0477832282186097,0.0453872670110636,0.0353603359243168,
300,0.0643999214127696,0.0455373295848529,0.0667295052391026,0.0387974743712113,0.0517613881216342,0.043930427353656,0.0483056142226398,0.0466824199862657,0.0354445098878998,
310,0.0648080680572805,0.046314793813252,0.0668808346036458,0.0388432632624212,0.0525093994325777,0.0441832466306068,0.0487246723531151,0.0476871958291773,0.0355726746442562,
320,0.0650242029371845,0.0471721143050808,0.0671712934107492,0.0389176187323927,0.0531460282919758,0.0443576425686051,0.0493335756216925,0.0484034616475748,0.0357123818805544,
330,0.0650334712991811,0.0479715007203438,0.0672753938741208,0.0388605306123576,0.0540025773857855,0.0441014823371605,0.0499184904982183,0.0491566355153196,0.0358343579344594,
340,0.0650353688676729,0.0488372004505547,0.0675475893403142,0.0387274199546234,0.0547702441460011,0.0440172964089579,0.0506983970603624,0.049619646148432,0.0359454635198023,
350,0.0649207268479452,0.0495647061119217,0.0677619877539582,0.0388061667473179,0.0556494447186126,0.0439344176295054,0.0513695483427756,0.0499799989313973,0.0360137618972374,
360,0.0647828613224079,0.0501834574994057,0.0676960511191342,0.0390079391011375,0.0565524637434317,0.0439487790098136,0.0520994200692052,0.0503645383523948,0.0360822248243552,
370,0.0645699736635102,0.0508018012114979,0.0674608240867607,0.0391737941426069,0.0574688477425481,0.0445572548860592,0.0527394233938191,0.0505592345538191,0.0361035233743786,
380,0.0645619304993512,0.0514329149741716,0.0670116239254555,0.0394134778747597,0.0583540667529118,0.044680143173437,0.0532180927304578,0.0505966665803123,0.0361404441419974,
390,0.0645521370927783,0.0519880336382402,0.0666026533677363,0.0396938327391557,0.0591745343491189,0.0448582901223289,0.0540014181155686,0.0509235128673894,0.0362023046356339,
400,0.0646167750160093,0.0526730064861285,0.0664162087316258,0.0399532884291433,0.0600121026836029,0.0447001319806519,0.054320114834708,0.0515719044277306,0.0362253790886651,
410,0.0647537909679187,0.0532418948470083,0.0663009236241505,0.0402114295549998,0.0608128674238123,0.0449529070338264,0.0549589595677438,0.0521513080648141,0.0362298886339057,
420,0.0648748945005218,0.0537276799512278,0.0664013261214509,0.0405096074898544,0.0615721661642389,0.045420681864842,0.055640048999552,0.0522428523370813,0.0362103980366204,
430,0.064989235637671,0.054273955174191,0.0665498380203973,0.0407692695212681,0.0623006027799547,0.0453568222895775,0.0562863025429103,0.0521574039141279,0.0362115218885857,
440,0.0652006751039286,0.0547625910080513,0.0666214151980051,0.0409892367930663,0.0629575795609681,0.0454369965762249,0.0568709921030014,0.0520622838528799,0.0362063814409696,
450,0.0653841503314637,0.0551375125989714,0.0667729161513075,0.0412334308992413,0.0634633530977026,0.0457665482337868,0.0575120526380009,0.0519824235288542,0.0362039143272721,
460,0.0655551644823635,0.0554684857019575,0.0669709094137774,0.04153298084999,0.0638094531283444,0.0462979365626095,0.0581481118620757,0.0519997293426925,0.0361733125015205,
470,0.0657110501101562,0.0557134456917793,0.0670956588252057,0.041839398458071,0.0643421012046795,0.0465871646766818,0.0588925577351787,0.0519506201799891,0.0361497171856331,
480,0.0659064837090967,0.0559925426100071,0.0672105139579686,0.0421349347746919,0.064733744230378,0.0468171194061947,0.0595388425131272,0.0517866021320916,0.0361383762829437,
490,0.0661452650340406,0.056246837543326,0.0673317776877364,0.0423642118990797,0.0653349482856829,0.0475262769632984,0.060177477632601,0.0515939600998565,0.0361243819134764,
500,0.0663247997613794,0.0564174807719733,0.0675360079018812,0.0426590654130255,0.0657452029622706,0.047410305045818,0.0608011809457738,0.0514684653417914,0.0360953326556162,
510,0.0664698107120478,0.0566647637947676,0.0677408064968706,0.0428710342223197,0.066137850567176,0.047496675944089,0.0613031298738202,0.0513001014813216,0.0360524868561854,
520,0.0667369917445781,0.0569286478307835,0.0679658087962639,0.0431167437202244,0.066291357420273,0.0471779162819255,0.0620579216382349,0.0510784495572478,0.0359667032561358,
530,0.0670865500423989,0.0571885354598032,0.0681191267067654,0.0433347017510022,0.066543914140695,0.0476442892262614,0.0625012255736272,0.05081409960661,0.0358379640181733,
540,0.0673600905655036,0.0573845339913476,0.0682829010034336,0.0434826918852508,0.0666772333462335,0.0479077031292909,0.0631765161657802,0.0506926436928576,0.0357270001291429,
550,0.0676397890282741,0.0575114109299825,0.0684735764063475,0.0435837854264642,0.0668239986663616,0.0478132356142768,0.0634584456860141,0.0506660431981052,0.0356630167064024,
560,0.0679242934735028,0.0574479777525844,0.0685715626474212,0.0437005241771342,0.0669763964240984,0.0481338767178632,0.0638175267427585,0.0504865770829601,0.0356120535265047,
570,0.0683746005055829,0.0573682518592216,0.068671604564493,0.0437888865810473,0.0671460041742824,0.0480083832675427,0.0641227768822907,0.0503456517843167,0.0355700546700624,
580,0.068804642066243,0.0572616400147418,0.0688231158760278,0.0438514421441054,0.0673364547813198,0.0478464322183756,0.0644782916866813,0.0502139869003111,0.0355270403660372,
590,0.069220802496736,0.0571924000613109,0.0692592156037323,0.043914936278637,0.0675436937138982,0.0476697829028673,0.0647961682315314,0.0501715071040265,0.0355115573061954,
600,0.0697047964087067,0.0570814604578171,0.0697846169020771,0.0439728799574751,0.0676582861579735,0.0476470902719338,0.0651699277369683,0.0503400712377041,0.0355123137069548,
610,0.0700656095462471,0.0571298674576602,0.0701398102345922,0.044019763403312,0.0678305339655527,0.0483243774718288,0.0655456567174227,0.0505725655264578,0.0355174141114956,
620,0.0704261705699281,0.0570413806435667,0.0706544598252646,0.0440223657816651,0.0680222482983082,0.0480483614071069,0.0658505795169228,0.050730802128024,0.0354833577401098,
630,0.0708468838261627,0.0569694856461838,0.070919788418161,0.0440630106986953,0.0682274954149485,0.0481393898547891,0.0660299393239626,0.0506704223915731,0.0354636981060659,
640,0.0711697640893918,0.0569471707923985,0.0714620619529266,0.044098563491195,0.0681838201584994,0.0482317163174377,0.0661591582098964,0.0506512427330943,0.0354468410260082,
650,0.071465795883076,0.0569260386841745,0.0718438822847074,0.0441734312402727,0.0680864859360197,0.0483511697729821,0.0663387636377117,0.0505918378472032,0.0354100166186175,
660,0.0717495400395413,0.0569378202094083,0.0722327034037069,0.0442282348400718,0.067985175135131,0.0480954012465211,0.0665944046545362,0.0505311041424985,0.0353899408570951,
670,0.0720479164559717,0.0568753814173284,0.0726106352065155,0.0442770287254992,0.067771178831884,0.0483986099645627,0.0666651930491159,0.0505366061130406,0.0353884512340362,
680,0.0722379298736019,0.0568487210703404,0.0728877993819616,0.0443461494502115,0.0676326690701348,0.0483713608475789,0.0668433685789111,0.0506266563009439,0.0353807339123656,
690,0.0725035790974213,0.0567859683980871,0.0731894538281922,0.0443975566137673,0.0674631406205285,0.0485114956462597,0.0670281218643844,0.0507014823608477,0.0353680316764911,
700,0.072751895750973,0.0568460767484791,0.0735003798315837,0.0444706868623938,0.0673232291669753,0.048438136794078,0.0672069220796435,0.0508522577228774,0.0353611747931927,
710,0.073013691058803,0.0569036131999213,0.0737571809190331,0.0445106138904342,0.0672499242270007,0.0483074579394713,0.0675206461139817,0.0510203648620735,0.035357699625452,
720,0.073150859976329,0.0568737841720026,0.0741144414110074,0.0445649829084371,0.06721434011563,0.0481227040644086,0.0675159619630242,0.0511788915932104,0.0353552204106048,
730,0.0733765497979616,0.056857649753763,0.0742390163141106,0.044601384275708,0.0671484033860646,0.0479714619374849,0.067781923430425,0.0513630602877495,0.0353368458927707,
740,0.0734990927438259,0.0568603360212769,0.0744915333882302,0.0446452024803701,0.067204483448817,0.0481259420294356,0.0678643138805461,0.0514183184054196,0.0353081897330334,
750,0.0736317737143884,0.0569242021627764,0.0747965642571373,0.0446713367644937,0.0672192624903385,0.0480602279808594,0.067914488496434,0.0515022003851657,0.0353075134686308,
760,0.0737276820153396,0.0569660879556495,0.0749791465117268,0.044676191568147,0.0673204998261218,0.0479771733348955,0.0680390962041785,0.0515701926373677,0.035299615090064,
770,0.0738657132617196,0.0569991033102213,0.0751938989741822,0.0446165184227805,0.0672710280235003,0.0477560693475861,0.0680678724607656,0.0516809083320323,0.0352710289720203,
780,0.0739838260920406,0.057159113457829,0.0754311231374448,0.0445311785770704,0.0673955169061896,0.0478241255787569,0.0680951487196328,0.051758875971304,0.0352569648210048,
790,0.0740716421341567,0.0573086643052865,0.0756016036626467,0.0444687177194977,0.0674109250465642,0.0477274023087096,0.0679795828930322,0.051781634063714,0.0352419818037654,
800,0.0740883564944257,0.0573860754514009,0.0757417758987525,0.0444418555346198,0.0674561617597925,0.0478136769840165,0.0679053584655419,0.0518121967085285,0.0352270634466783,
810,0.0741318284254385,0.0573744445511249,0.0759409231019945,0.0444389422743532,0.0675237799320505,0.0476695493807184,0.0677984507790045,0.051883381926823,0.0352129576407741,
820,0.0742299045332288,0.0576050888507562,0.0761239402227955,0.0444518823864405,0.0675773228959876,0.0475720048880514,0.0677202925416457,0.0520141942889639,0.0352063738863268,
830,0.0743003913581263,0.0576654636712615,0.0762434289403792,0.0444739716605206,0.0676920327828124,0.0475972443622586,0.0676798114589013,0.0520804214848859,0.0352018244322515,
840,0.0742818990922248,0.0577232555163248,0.0763150916638304,0.0445407557295925,0.0677479028449629,0.0476682960048339,0.0675277043634335,0.0520862098245401,0.035231071884627,
850,0.0743152235239788,0.0578240909966783,0.0763388011136801,0.0445983493695174,0.0678137481012218,0.0475154931128969,0.0674711918736982,0.0521237838866753,0.0352569617106789,
860,0.0743909360357608,0.0578991146165312,0.0763549667130169,0.0446799179466422,0.0678727872255298,0.0474248326997922,0.0675552702355433,0.0521464827034469,0.0352898358803267,
870,0.0743818026317555,0.0579657971362869,0.0763927221685422,0.0447502493023718,0.0678941321330988,0.0475250768723816,0.067501065561932,0.0521511827276309,0.0353177123189559,
880,0.0744632807854386,0.058001102465533,0.0764502064494171,0.0448544139787936,0.0680739122084285,0.0475485873502103,0.0674154351059696,0.0521240060719145,0.0353714193634602,
890,0.0745313583661867,0.0582438403880574,0.0764215391571376,0.0449671442042819,0.0681529409014875,0.0475536596446938,0.0675194709298729,0.0521357632764869,0.0354000374398351,
900,0.074525501241623,0.0584474321451956,0.0764388415137886,0.045103857366875,0.0682524805625517,0.0478033233023945,0.0674750474848338,0.0521905246355505,0.0354483747669453,
910,0.0744958646492239,0.0587107023847425,0.0764735328201346,0.0452160203204559,0.0683428878660457,0.0475715861481994,0.0674874607591431,0.0521937804579953,0.0354802987625359,
920,0.0745687129241721,0.0589304926433557,0.0765626661446021,0.0452863739040978,0.068501864853871,0.0475676957234887,0.0677528121468272,0.052165348632963,0.0355265155620878,
930,0.0745852732805783,0.0590869445451521,0.0766093426917688,0.0453616596388547,0.0685575880925424,0.0475741856786069,0.0678165267215287,0.0521731196572769,0.0355648166953893,
940,0.0745684910710805,0.0592902443516047,0.076657203488605,0.0453993752076749,0.0686794721385493,0.0474871697412232,0.067912267014427,0.0521911397382156,0.0356156208608561,
950,0.0746280475454775,0.0594980412029189,0.076671858589047,0.045433138689397,0.0687701480218654,0.047479220461441,0.0679149088169573,0.0521948888010892,0.0356214059371968,
960,0.0746778817172104,0.0596941736842242,0.0766987221852135,0.0454703109247858,0.0688769447570699,0.0473141735842955,0.0679931239923315,0.0522224822798976,0.0356208460398117,
970,0.0746658577770242,0.0601076655492493,0.0767186012569316,0.0454912531527066,0.0689792109522265,0.0475316614378332,0.0680339666715246,0.0522312107258272,0.0356306940186543,
980,0.0746544078868977,0.0602738723191544,0.0767700492567089,0.0455086510824674,0.0690684059813996,0.0477065252354701,0.06808967558975,0.0522081432579716,0.0356359535711129,
990,0.0746515919957736,0.0603579678902895,0.0768527912954235,0.0455266560022899,0.0691742324083504,0.0474765816963447,0.068129794493498,0.0522006371470869,0.0356574589314736,
1000,0.0746779787915529,0.0606874997447422,0.0769256769501124,0.0455518435086754,0.0691974835014658,0.0473919996853122,0.0682136209004213,0.0521672057071725,0.0357062982064811,
1010,0.07471854514927,0.0608542463271289,0.0769407690920033,0.0455623656149198,0.0693208311503303,0.0474406918166259,0.0682335833328683,0.0520762356510152,0.0357256920924487,
1020,0.0747132227037804,0.0609106863109608,0.0768973245771904,0.0455610957803072,0.0693629334239536,0.0473892626765038,0.0683065411899565,0.0519544443881208,0.0357706256552846,
1030,0.0747018696764222,0.0611105813151476,0.0769227531144325,0.0455741459300615,0.0694431714723294,0.0475419889853711,0.0683399763894198,0.051861725713907,0.0357732620582531,
1040,0.074716497550717,0.0614022973988805,0.0769265830170459,0.0455387046000763,0.0696611535902615,0.047432351020742,0.0684262284832995,0.0518021539061715,0.0357568730553275,
1050,0.0747067288623263,0.0615210082115303,0.0768764660445691,0.0454688681887034,0.0697648469785789,0.0476323667516916,0.0684517397014879,0.0517889302160918,0.035747006570424,
1060,0.0746668913207733,0.06173812440852,0.0768890123924691,0.0454219905292853,0.0699522578650432,0.0470488071153929,0.0685521033589604,0.0517627370581984,0.0357184770897219,
1070,0.074694630602824,0.0618345535434607,0.0769237515352495,0.0453950912421139,0.0702301594390402,0.0472729778278088,0.0686504629149588,0.0516781589812416,0.0357248355196907,
1080,0.0746843748001041,0.0619462998757985,0.0769594040681351,0.0454015797069621,0.070403763337327,0.0471890225568185,0.0686604594042142,0.0515534028234407,0.0357419384690937,
1090,0.0747073638100354,0.0621651612373922,0.0769283968545802,0.0453148394587707,0.070773725018253,0.0469717257850956,0.0687474635782715,0.0514335254670657,0.0357559572300553,
1100,0.0747026952915836,0.062237659628687,0.0769380649054636,0.045283133603253,0.0709392622184862,0.0467676864661254,0.068792973232527,0.0513650870446342,0.0357667054429385,
1110,0.0747416608554379,0.062313375374856,0.0770114012895605,0.0452452989572278,0.0711827689518462,0.0467817194641302,0.0688892207334426,0.0512878627617709,0.0357967183297849,
1120,0.0747327453647443,0.0624910151254016,0.0769922774572632,0.0451924236498099,0.0714001572952588,0.0468480451618528,0.0689172082084627,0.0511661480657401,0.0358213907627106,
1130,0.0747117798915052,0.0625648163089409,0.0770278437159816,0.0451282213624248,0.0716391074412918,0.0466733580858457,0.0690231362755413,0.0511144350979519,0.0358378593233179,
1140,0.0747437626701346,0.0627260634575215,0.0770328641322407,0.0450611633917635,0.0718689340180512,0.0463164111068276,0.0690390435142931,0.0510133907380046,0.0358531719441466,
1150,0.0747411499111321,0.0628071718981534,0.0770760902364576,0.0450283155810528,0.0720629758964199,0.0465839124593531,0.0690948557790199,0.0509310165209339,0.03589512693279,
1160,0.0747452278184323,0.0628602510922826,0.0770720364011522,0.0449789467229779,0.0723224131171988,0.0466498077951341,0.0692059481461517,0.0508637339789896,0.0359547763141919,
1170,0.0747730625592965,0.0630354140606223,0.0771232506212875,0.0449318047813503,0.072398477158525,0.0466535415691458,0.069244807060613,0.0507600504281472,0.036004197212434,
1180,0.0747950393432745,0.0631508885528313,0.077106553962383,0.0448822230735371,0.0726675588367742,0.0465833265205404,0.0693446212936719,0.0507128466888012,0.0360374952860826,
1190,0.0747624196281582,0.063132696929603,0.0771134252007473,0.0448128103525819,0.0729815841334754,0.0462956417999929,0.0693916707006779,0.0506578284004186,0.0360731211539403,
1200,0.074775360982997,0.0632291905024921,0.077076241252554,0.0448344192692483,0.0731481203824472,0.0462895234150663,0.069448776343693,0.0506417175990599,0.0360999890240859,
1210,0.0747801736260928,0.0634049606299248,0.0770721838286733,0.044780592861635,0.0733803560773822,0.0462486554100529,0.0695125553738163,0.0506339949428697,0.0361513578252555,
1220,0.0748853451889931,0.0634263551249469,0.0770062734268946,0.0448082345848813,0.0734808303193667,0.0462947276399264,0.0695557464823119,0.0506062953164099,0.0361899264785231,
1230,0.0748897650266278,0.0635027066072712,0.0770128644098175,0.04478741922404,0.0737185613112119,0.0465162823034862,0.0696010411340763,0.0505693629401361,0.0362326738209525,
1240,0.074943420064537,0.063596948650735,0.0770331096148853,0.0447682791644593,0.0739306472362524,0.0464696489349458,0.0697856377068836,0.0505218384569019,0.0362808209441487,
1250,0.0749707161457214,0.0636944867824079,0.0769750192034208,0.0447494474665542,0.0740371496672545,0.0462907108465048,0.0698423958035586,0.0505222075209865,0.0363069388817025,
1260,0.0750339923797098,0.0636807476966739,0.0769879024661403,0.0447752817470561,0.0741997924698801,0.0462214723286391,0.0699682546010271,0.0505191476707257,0.036333095012266,
1270,0.075007989190376,0.063703527942368,0.0769302891382941,0.0448217110346243,0.0743707020197624,0.046418959862582,0.0702044467860139,0.0505477464367969,0.0363713846750141,
1280,0.0750176582594382,0.0637945524489139,0.0769187649854415,0.0447949461046534,0.074491879661214,0.0465596687774879,0.0702282706249658,0.0505642414622701,0.0364083653025881,
1290,0.0751625787726222,0.063725563356136,0.0769153326073064,0.0447936784819255,0.0747738171449273,0.046505036535109,0.070500053738507,0.0505755001080967,0.0364273774847797,
1300,0.0751473481921084,0.0637798101466874,0.0769420037948887,0.0448311527138313,0.0748524325387381,0.0466403845161697,0.0706315093875163,0.0505988849845835,0.0364754550828908,
1310,0.0751905270495665,0.0637768519966807,0.0769795650341271,0.044866679668609,0.0749716142168637,0.0465969364277798,0.0707676469201398,0.0506113030502779,0.0365052421581589,
1320,0.0752808162406067,0.0637682006570549,0.0770255089104497,0.0449177241147228,0.0751514064148623,0.0465344824454196,0.0709778957080458,0.0506455256808232,0.0365372719932388,
1330,0.0752815128327713,0.0637718897073355,0.0770606229890331,0.0449367021646112,0.0752239201577589,0.0465824652074856,0.0710354646785492,0.050705525859996,0.0365636745675774,
1340,0.0753263019477216,0.0638253037603681,0.077049802222117,0.0449579762818043,0.0754080122214584,0.0466693579992866,0.0712771268628138,0.0508083450457092,0.0366013851112049,
1350,0.0753081785167019,0.0637515469663771,0.0771370784718809,0.0449936028421175,0.0755434829063237,0.0466406532765996,0.0714163772690334,0.0508539205223284,0.0366198585157937,
1360,0.0753881879066194,0.0637921242763623,0.0771826305239753,0.0450267788210664,0.0755935178456324,0.0467890568010802,0.071792609986696,0.0509251020295285,0.0366421727349395,
1370,0.0753751083506124,0.0636972753502646,0.0772360798968639,0.045086676394507,0.0757373139420318,0.0469261265911862,0.0717740216947235,0.0509214759630974,0.0366399197718119,
1380,0.0754440295241244,0.0638023962150335,0.0773160749826688,0.0451035270278802,0.0759174523875411,0.0466856067962489,0.071883877980732,0.0509987152502007,0.03665211196764,
1390,0.0757240821246751,0.0637940371512897,0.0773619715277686,0.0451500465846108,0.0759873933134176,0.0465431952874833,0.0722924285669079,0.0509746881662912,0.0366357168546892,
1400,0.0757574206007124,0.0637842488662234,0.0774690659778733,0.045182770034796,0.0761980926722522,0.0464962317950333,0.0722373037442748,0.0509975586742577,0.0366772761235947,
1410,0.0760757872650809,0.0638461034364989,0.0775535260230567,0.0451912235639667,0.076271842953181,0.046621554225153,0.0725315203840736,0.0509696526878858,0.0366997848217747,
1420,0.076206194748525,0.0637621547148177,0.0775312371939626,0.0452151416571463,0.0763550933188012,0.046752293220603,0.0724714888587452,0.0510043311438232,0.0367129077123442,
1430,0.0760065752742172,0.0638207908995959,0.0776315694067726,0.0452112928591834,0.0764913839573364,0.0462817151150761,0.0726185988866471,0.0510186567437439,0.0367451033240769,
1440,0.0760013089359117,0.0637777639413221,0.0776987910779317,0.0452330362581031,0.0765942232988955,0.0467933688022717,0.0729968922605237,0.051049448374439,0.0367810385251075,
1450,0.0759864828671191,0.063771909617067,0.0776582452873347,0.0452353000240491,0.0766302721530478,0.0465714611268836,0.0729685479946729,0.0510693856912785,0.0368196682645937,
1460,0.0759948476358307,0.0638683551381267,0.0777769884308457,0.0452445929798384,0.0767942156491305,0.0467521578098402,0.0732647566569608,0.0510608949570886,0.0368660343327305,
1470,0.076159071985359,0.0638153441519061,0.0777541516188542,0.0452162967790596,0.0768538291932085,0.0448780241240426,0.0732661916430655,0.0510611173877137,0.0369016562756174,
1480,0.0763245056538642,0.0638790869010375,0.0777939688602938,0.0452560712103688,0.0769897569068558,0.0469897860324643,0.0735827702435675,0.0510609900475155,0.0369359019136456,
1490,0.0766456105472294,0.063904305318363,0.0778291245919503,0.0452557138811741,0.0770386248382885,0.0468872641072511,0.0734851776417071,0.0510449568355793,0.0369618155856788,
1500,0.0762865510986971,0.0638582357714376,0.0778652359542647,0.0452692063086057,0.0771872141307911,0.0471695312623867,0.0737706640344417,0.0510194078750365,0.0369990259488114,
1510,0.0765086020375734,0.0640695130083314,0.0778596025898632,0.0453016614297414,0.0772102569823954,0.0467393835753303,0.0739098474068121,0.0509647430313848,0.0370115741271278,
1520,0.0763065948221902,0.0639418822311919,0.0778848503780465,0.0452998624985673,0.0772399107557256,0.0490485668571963,0.0741540671031396,0.0509123738070203,0.0370420045980318,
1530,0.0763792043032687,0.0640298175390884,0.0778242730482678,0.0453316363580165,0.0771983306604602,0.046953390478779,0.0741384807976477,0.0508667723265095,0.037072338013866,
1540,0.0764827129682,0.0639263974739468,0.0777849138805728,0.0452902815549893,0.0772684551989506,0.0467255379027296,0.0743590993659115,0.0508397669287216,0.0371072328507093,
1550,0.0768631487053088,0.0639673696266517,0.0778039891475456,0.0453114295166454,0.0772704699586756,0.046624253873969,0.0744309990922613,0.0508056024809294,0.0371224820356209,
1560,0.0765780218074038,0.0639783478988148,0.0777678727569248,0.045279394365986,0.0773402600622136,0.046738225943527,0.0746261656485874,0.0507714506780429,0.0371595300130809,
1570,0.0765654400255487,0.0639600189565217,0.0778551963724069,0.0452810296619482,0.0773621826499219,0.0466631579819587,0.0745287741109951,0.0507564928913704,0.0371858083263997,
1580,0.0765556548556366,0.0641120781435163,0.0785850094007231,0.0452864818681428,0.0774056843552539,0.0467870174848741,0.0749558249307388,0.0507733955418272,0.037215136516071,
1590,0.0765885623117084,0.0640196304094078,0.0788592494906641,0.0452642637514153,0.0773957875694593,0.0465882126535646,0.0749658035194106,0.0508151394642463,0.0372379634719757,
1600,0.0764595187283476,0.0640923547790547,0.0789335799286196,0.0452692893870111,0.0774442656200596,0.0463924416210554,0.0749945212385534,0.0508825439876462,0.0372405849707236,
1610,0.0766269177430827,0.0640035855441854,0.0788927081995895,0.0453352024937827,0.0774791086093243,0.0464036328002992,0.0751587806474691,0.0509444550393889,0.0372537383696901,
1620,0.0767918693957595,0.0641613896279901,0.0789125412208222,0.0452785980873556,0.0774663029232442,0.046367071864446,0.0752766352911922,0.0509816180649601,0.0372822161574351,
1630,0.0767131687337292,0.0641067309132394,0.0790822411584713,0.0452574441569497,0.077503658318297,0.0464157067542375,0.0753493288922434,0.051035210423135,0.037303366084468,
1640,0.0768635006227348,0.0641522437062235,0.0790030853401187,0.0452974515811692,0.0775337423289666,0.0465250757121042,0.0756034491023952,0.0510523185959511,0.0372949985602824,
1650,0.0767924646788191,0.0640683846964026,0.0790527082729411,0.0453040914514074,0.0775209125491777,0.0464941017159678,0.0758122842088455,0.051021482888825,0.0373046804338581,
1660,0.0769000040641505,0.0640823074250423,0.079080851952927,0.0453057087054526,0.077598494439079,0.0462964096125076,0.0758321592412122,0.0510945154789895,0.0373118556958056,
1670,0.0769285534075821,0.064053991652868,0.0791026499673798,0.0453390399433761,0.077544554050031,0.0465598890810716,0.0759057475207961,0.0511385877891459,0.0373074482198488,
1680,0.0769484236506461,0.0640816771435937,0.0791146932579517,0.0453202382427896,0.0776062545849629,0.0464068581100808,0.0762258614133269,0.0512056698954053,0.0373007796299412,
1690,0.0769790043545048,0.064053446748506,0.0791372700278106,0.0453413338890885,0.0776340105358617,0.0464566059295477,0.0761563684365222,0.0512965780902546,0.0372896054160954,
1700,0.0770079719564495,0.0641375827563921,0.079084510187,0.0453364934260374,0.0776791040594689,0.0464400243628796,0.0763905618723224,0.0513255523039866,0.0372792111229066,
1710,0.0770592374880317,0.0640925303946322,0.0788655766314966,0.0453562960653695,0.0776587374716462,0.0464712844053749,0.0765086063841727,0.0513756196086235,0.0372951085814095,
1720,0.0771493192053195,0.0641123419372474,0.0792203949526151,0.0453562397521768,0.0776877713415472,0.0463905231395719,0.0765546389417058,0.051444096648292,0.0373000551725016,
1730,0.0772331667249258,0.0642235529171861,0.0791413844165861,0.0453883645854008,0.0776924301503,0.0465125478203172,0.0766483852363373,0.0514559703265207,0.0373012362275802,
1740,0.0773733417398215,0.0641578182484284,0.0790083892778646,0.0453938956399411,0.0777701879116419,0.0465706991967451,0.0768243316428586,0.0515003036125768,0.0373220591942324,
1750,0.077507109194389,0.0641325070056408,0.0790025384905042,0.0454219283796082,0.0777465691637594,0.0463240812738074,0.0768474955878028,0.0515536902257096,0.0373240035478992,
1760,0.0776516629567018,0.0641695900713446,0.0788768562771698,0.0454355209869282,0.0778269595923577,0.0466846712873515,0.0770296295870953,0.0516037558091068,0.0373409894655393,
1770,0.0777360167203319,0.0640774143773843,0.0788541587208793,0.0454487426876832,0.0778426792309071,0.0464225662464338,0.0769953258652037,0.0516423631530879,0.0373425197914483,
1780,0.0778592992397472,0.064114883664397,0.0788595727552266,0.0454906168673227,0.0778624518472515,0.0464624188142,0.0772523002252019,0.0516960915460204,0.0373540779749441,
1790,0.0780047068804486,0.0641971845015302,0.0787847939419908,0.0455007823749296,0.077901315144723,0.0464377506141251,0.077252689393984,0.0517306031055534,0.0373475559826773,
1800,0.0780985708757188,0.0641593705770277,0.0788767167316484,0.0455210554498706,0.0779068196861723,0.0464356362820628,0.0773303144379454,0.0517667025539289,0.0373470715954234,
1810,0.0783584590646856,0.0642025158485406,0.0790264476997208,0.0455829277748479,0.0779077613410989,0.0466786464296615,0.0775074250959991,0.0518021626065133,0.0373494809127617,
1820,0.0785446238614346,0.0642489040212568,0.0788938785237604,0.0456021285118138,0.0779956954635511,0.0464353759929124,0.0775325317586472,0.051804106982162,0.0373239617830446,
1830,0.078742936371719,0.06410616364545,0.0789215185734852,0.0456412940717647,0.077974724753553,0.0465832724963113,0.0775733705246203,0.0518217789715618,0.037299847510954,
1840,0.0789424288633038,0.0642298864687051,0.0789141234461362,0.0456604007206012,0.0780124490646333,0.0466447366887276,0.0776747033068588,0.05180957678655,0.0373137024317714,
1850,0.0791307232638931,0.0641042640601596,0.0789668772430343,0.0456810491913841,0.078017534824473,0.0467496886521479,0.0776613009380626,0.0518111814991583,0.0373308239045608,
1860,0.0793959768430438,0.0642232997338527,0.0789967062600772,0.0456953961562382,0.0780153315852085,0.0467131128300362,0.0777167351453376,0.0518150848047697,0.0372581239986234,
1870,0.0795397665197687,0.064081290239067,0.0790666502353221,0.0457278620105116,0.0779790152057117,0.0466954662958871,0.0777744597777503,0.0518077994274708,0.0371771231101807,
1880,0.0796349485949704,0.0641307484036427,0.0791520463365129,0.0457341043387975,0.0780038262827449,0.0468943859287984,0.077831468128506,0.0518101012669069,0.0372360920281018,
1890,0.0799004502455039,0.0641026614654817,0.0792047948725415,0.0457650683326625,0.0780081091578223,0.0468198437256543,0.0778050911248733,0.0518057800617315,0.0373078881963882,
1900,0.0801695458181896,0.0639862295710722,0.0792308436917102,0.0457806410421088,0.0780379990778643,0.0470946454212083,0.0778875374912467,0.0518212117041252,0.0371994433619088,
1910,0.080347371959761,0.0640322136427551,0.0793164221865674,0.0458029585015434,0.0780353326569206,0.047132533694246,0.0778771602904683,0.0519164812170151,0.0371912959267469,
1920,0.0804910573280931,0.0640193891454542,0.079478839616434,0.045843143068182,0.0780232869313826,0.0474088648697408,0.0778641149748395,0.0522888515677534,0.0371838949756239,
1930,0.0807241219668363,0.0639583165423614,0.0796001921027269,0.0458610102091341,0.0780455927577292,0.0473006616026034,0.0779262907256648,0.0525205371852754,0.0371827706255431,
1940,0.0809233303922218,0.0639027026158562,0.0797886833931726,0.0458875493991768,0.0780549626475103,0.0474093432702393,0.0780182072825209,0.0527635661033897,0.037184509438393,
1950,0.0810568655920066,0.063938879033501,0.0799060385301418,0.0459024338200623,0.0780986418274142,0.0475065902667632,0.078082352834309,0.052753283198826,0.0371884438824148,
1960,0.0812142323730586,0.0639315397756957,0.0802566346028765,0.0459275347324485,0.0780307432865065,0.047640560454054,0.07807454243095,0.0529480144156924,0.0371848453083578,
1970,0.0813964801571394,0.0638831110297772,0.0803148846695657,0.0459451681756069,0.0781512847133954,0.0475274653116279,0.0781169426100931,0.0530518523143995,0.0371592004737352,
1980,0.0815913361038829,0.0639214888156907,0.0806642581142818,0.0459661420834289,0.0781163838364763,0.0476840509649799,0.0780972984966931,0.0531079435889877,0.0372158596544068,
1990,0.0817892952544058,0.0638749663811596,0.0808388816478536,0.0459938834667785,0.0780470367796573,0.0475829666411512,0.078113453525896,0.0530262734230766,0.0372291295517632,
2000,0.0818657214286106,0.0639294862910031,0.0811195908254963,0.0460083348663075,0.0781284630395992,0.0475817517692869,0.0781612938929825,0.0530965362823451,,
2010,0.082089024212153,0.0638977492061526,0.0811615493786286,0.0460304761061354,0.0781577153478975,0.0476781805750791,0.0782432551183477,0.0530533961014586,,
2020,0.0822512546965239,0.0638789020477234,0.0813582887013994,0.0460491539036803,0.078127488793436,0.0475445448166652,0.0782517590731083,0.0531426444167292,,
2030,0.0823838248223574,0.0639276379296684,0.0815217111959362,0.0460701872400905,0.078164094451693,0.0476371024955988,0.0782716070217986,0.0531582157037394,,
2040,0.0825000791054149,0.0638908527140561,0.0818388317586064,0.0460835429798624,0.0781080591979354,0.047643772273262,0.0783307826057592,0.0531518552471774,,
2050,0.0826461839492593,0.0639436673415418,0.0820251711537433,0.0460952155939504,0.0781590984869792,0.0477280636907052,0.078373699978447,0.0532503304370825,,
2060,0.0826982162002432,0.0639296885241747,0.082328832074413,0.0461028697277275,0.078145166753039,0.0478211633965641,0.0783795141843229,0.0532230797484007,,
2070,0.0828559244510806,0.0638944342601701,0.0825039075508057,0.0461235487307319,0.078179424793325,0.0478064516719172,0.0783960171944984,0.0532659651150266,,
2080,0.0829989547721416,0.0640137827002979,0.0826724544450949,0.0461194754106,0.0781189422789034,0.0479243950679007,0.0783749109772613,0.0533285375881367,,
2090,0.0830734984978706,0.0638304553170319,0.0830387919274073,0.046189991049396,0.0782270402951973,0.0478791458805888,0.0784916221833184,0.0532801142511528,,
2100,0.0832495842800081,0.0639789202867525,0.0830841784330963,0.0462588382813241,0.0782040771079956,0.0481091292640408,0.078496625163125,0.0533427388462942,,
2110,0.0832448305105165,0.0639862992040725,0.083320057442176,0.04633670424601,0.0781825380901302,0.0483648375254516,0.0785187124830927,0.0533554095054311,,
2120,0.0834009226551102,0.064071152875682,0.0833698688297121,0.0464137888732028,0.0780874589231767,0.0482272152729254,0.0785349610533682,0.0534289070421043,,
2130,0.0834471127088274,0.0640190455190227,0.0836945135055483,0.0464636898175527,0.0782669704415102,0.0486451272807683,0.0785771062445355,0.0534441086683143,,
2140,0.0836003351625094,0.06403926443375,0.0837694649599686,0.0465478616249894,0.0781681726023804,0.0486682567101812,0.0786009076169304,0.0534537509748611,,
2150,0.0836348786394852,0.0640811571455578,0.0839404375091368,0.0466148359144158,0.0781634718884871,0.0488942685319215,0.0786736297072779,0.0534515578853184,,
2160,0.0837190940496296,0.0641295103307625,0.0841339886764048,0.0466833183059358,0.0783121609471789,0.0489289646576204,0.0786519179634915,0.053452062727718,,
2170,0.0837233703787551,0.0640413039270136,0.0841753923564767,0.0467985818757049,0.0781904130466594,0.0490057117948822,0.0786969174459114,0.0534037415066436,,
2180,0.0838235469506175,0.064061339571777,0.0843717080239266,0.0468998647544485,0.0781903978170451,0.0490899765337987,0.0787541285769242,0.0533830025814842,,
2190,0.0839226449003434,0.0641072133202859,0.0845717376458942,0.0469747458616504,0.0781527431253889,0.0492945489868854,0.0787978445296712,0.0533257770281802,,
2200,0.0840050569051771,0.0642038840352868,0.0846113884130805,0.0470345853563394,0.0781706013195874,0.0490596245621629,0.0788194797571172,0.0532741988837262,,
2210,0.0840386669368466,0.0642822402289879,0.0846420001183092,0.0470993225334959,0.0780871075859194,0.0492712350195982,0.0788908327568582,0.0532538278473273,,
2220,0.0841186671645977,0.0642116952355775,0.08483270630255,0.0471311256771222,0.0781550119848133,0.0492981795876743,0.0788661722704735,0.0532239295116564,,
2230,0.0841606592544815,0.0642710974506523,0.0849357795556109,0.0471890882320324,0.0781182719733355,0.0491258884319776,0.0788996046628491,0.0532318504778098,,
2240,0.084196462818351,0.064394706243907,0.0850044296602172,0.0472322160774649,0.0781748817650569,0.0492541582483648,0.0789009071524124,0.0532475692265546,,
2250,0.0842587122180484,0.0643410932368782,0.0851316204722177,0.0473252232914598,0.0781219561317746,0.0491699384711675,0.0789254566719462,0.0532731296101481,,
2260,0.0842891348656368,0.064338112103502,0.0852393791773321,0.0473730161852014,0.0781255874948523,0.0492764288019084,0.0788739965377816,0.0533116107536709,,
2270,0.0843328486598293,0.0642207740833505,0.0854420009428119,0.0474337213808093,0.0781015622439175,0.0494114170548936,0.0788349179923495,0.053347203555425,,
2280,0.0843582996569403,0.064420692867128,0.0855302937155189,0.0475048255535872,0.0781257175238889,0.0492049257172577,0.0789428128055616,0.0533586343774417,,
2290,0.0844227260151559,0.0644761131821878,0.0856265442412826,0.0475402627707466,0.0780336390748542,0.0494178878538284,0.0789238723751066,0.0533538377182983,,
2300,0.0844540596483495,0.0643589119548687,0.0857352154896,0.0476074053190247,0.0781655834807019,0.0493496906714697,0.0789559959093781,0.0533737678052394,,
2310,0.0845323415336277,0.0643506454517045,0.0858053209769354,0.0477017189633617,0.0780578954080865,0.049241431681512,0.0789947641658382,0.0533866185803696,,
2320,0.0845370967029212,0.0644910448894327,0.0859026001829273,0.0477657722252538,0.0780880926880109,0.0493974447537902,0.0789798725853907,0.0534038727648663,,
2330,0.0846068115238284,0.0644579928192264,0.0859557603483667,0.0478347017605046,0.0780862166809942,0.0493072770513175,0.0789813747690982,0.0534355103346436,,
2340,0.0845854146653864,0.0644485516366748,0.0861433305578227,0.0479050315301991,0.0780734287424336,0.0495803481913857,0.0789368050457101,0.0534990470190728,,
2350,0.0846377672567436,0.0644150626521125,0.086186420541348,0.0479208827243748,0.0781105023482509,0.0495379863575206,0.0789026203673609,0.0535566921191963,,
2360,0.0846580126403897,0.064407438738268,0.0862811970055683,0.0480144384874898,0.0781008032282054,0.0493794760807364,0.0789806929094961,0.0536547127106883,,
2370,0.0846423248926439,0.064427212568833,0.0862553583598327,0.0479942962648369,0.0781962530710632,0.0496037163282813,0.0790224084018144,0.0537767990233611,,
2380,0.084644479493279,0.0644471946540079,0.0863560123006372,0.0480859899753938,0.0781694483895685,0.0495211554245143,0.079035878478423,0.0538321014285677,,
2390,0.0846678780220873,0.0645612432638233,0.0864257359011756,0.0480953355674226,0.0781984416545202,0.0497186860691236,0.0790053711986952,0.053974355851808,,
2400,0.0846700057064572,0.0645386189222698,0.0864717852418638,0.0481193527342191,0.0782229152143264,0.0493632978483229,0.0790263335504614,0.0540934322915772,,
2410,0.0846706466324605,0.0648783709485699,0.086536513207168,0.0481636030821429,0.0781765268245028,0.0497601981549319,0.0790294443785888,0.0542237865704666,,
2420,0.0846446668354496,0.0647646920437914,0.0865636293435723,0.048199918756395,0.0781972811786768,0.0496494484199482,0.0789778116910798,0.0543962096169567,,
2430,0.0846596538567344,0.0653280349738877,0.0867297748055215,0.0482529316205731,0.0782905216035403,0.0495008790209189,0.0789920175836643,0.0545327966248175,,
2440,0.08466627651132,0.0648979636098121,0.0867196782112928,0.0482977275433482,0.0782911372406702,0.0497006681535509,0.079041195732645,0.054708002044746,,
2450,0.084583350729931,0.0653861936545864,0.0867391047172,0.0483077602335758,0.0783063036086027,0.0496652193970165,0.0789856254090532,0.0548080503066679,,
2460,0.0846578324112381,0.0649273330879373,0.0868450422215384,0.0483498974685813,0.0782749622888486,0.0495103065332348,0.078981386183711,0.0548575993444226,,
2470,0.0845863602826483,0.0646890046511984,0.0868768229186154,0.0483782612330187,0.0783547533604133,0.0496853830411314,0.0790166143856134,0.0550259115166013,,
2480,0.0846180412194071,0.0650498899860897,0.0869454206151518,0.0483631396885425,0.0783916106336446,0.0496810822718168,0.0790157265106283,0.0551001196741391,,
2490,0.0845449445063695,0.0651165708287992,0.0869773088315904,0.048398438612192,0.0783866392617664,0.0494375183054175,0.0789964571558793,0.0551842820983618,,
2500,0.0844977114364509,0.065074318353699,0.0869744818958233,0.0484085163106135,0.0784102872324868,0.0495918854424518,0.0789768719323109,0.0552933223121769,,
2510,0.0844981716356112,0.0653146211106336,0.0870199174992075,0.0484220753190708,0.0784411575731593,0.0495189813350222,0.078942722249398,0.0552973300377955,,
2520,0.0844111413306358,0.0651698018868657,0.0871281291559203,0.0484231115689818,0.0785337234757095,0.0493989344721337,0.0789490801800125,0.0554210086601362,,
2530,0.0843420489423076,0.0652286661085381,0.0871125410727838,0.0484064910158444,0.0785582744030017,0.0495462566616574,0.078926001781285,0.0555912110200623,,
2540,0.0843013619630268,0.0658163774235612,0.0871324939407101,0.0484400007942651,0.0785873275733242,0.0494859449916672,0.0789175030756549,0.0556928513667201,,
2550,0.0842490102764411,0.0654386346862118,0.087146159261643,0.0484248247301314,0.0785699838344052,0.0495864593168665,0.0789939044987899,0.0558477996077768,,
2560,0.0842126462656647,0.0653623690502069,0.0872096652511443,0.0484275267175954,0.0786104734543617,0.0495362736296198,0.0789544390768489,0.0558671595027098,,
2570,0.0839903340788208,0.065361404375611,0.0872057075650318,0.0484430088077243,0.0786037333808652,0.0495675062019508,0.0789016683191546,0.0559784110830934,,
2580,0.0842352324795232,0.0653467772875145,0.0872944412293384,0.0484233898589634,0.0786797170800984,0.049417456041691,0.0789721830354843,0.056020332251301,,
2590,0.0843380690621697,0.0653914288293826,0.0872448332862081,0.0484302888686584,0.0787305466343275,0.0494845320390864,0.0788849353203525,0.0560523682364972,,
2600,0.0842139905631849,0.0654165444253918,0.0872603951885309,0.0484571078824423,0.0787944448693466,0.0493265869342725,0.0789689490384773,0.0561796400929722,,
2610,0.0841801583823882,0.0652240530723846,0.0872979186664843,0.0484604528284084,0.0787768705519572,0.0491852273966588,0.0788814142945,0.0562926580597476,,
2620,0.0842906707323655,0.065355520317323,0.0873441776996973,0.0484709885168081,0.0788368891551063,0.0491691536386573,0.0789555243574012,0.0563883533803402,,
2630,0.0843770580898467,0.0652854353249979,0.087367185839991,0.0484745122626489,0.0787872431610417,0.0492603875583371,0.078984752721193,0.0563869990749137,,
2640,0.0843578501781427,0.0653749475851143,0.0873587554839701,0.0484665271257387,0.0789105438657153,0.0492353698071519,0.078892981954576,0.0564459713151088,,
2650,0.0842365985467891,0.0652633189271444,0.0873300831286128,0.0484710214018679,0.0789347865240113,0.0490631682662451,0.0789736381227612,0.0564974345190751,,
2660,0.0841820741616546,0.0653792183725683,0.08739559368512,0.0484915998996249,0.0789010228941941,0.0490337066541945,0.0789328858748414,0.0565082617273922,,
2670,0.0840659712914976,0.0659823244562718,0.0873725379940083,0.0484969965645303,0.0789107646461921,0.0498777882814887,0.0789019091714247,0.0565407165871,,
2680,0.0839535036371716,0.0654284627035093,0.0873328750601652,0.0484806108455074,0.0789219265529638,0.0502242593578977,0.078864573034125,0.0565511254654818,,
2690,0.0840042271629681,0.0655173381092745,0.0873478257041446,0.0484684392461492,0.0789957634393302,0.0498765734537925,0.0789175684515645,0.0565715731722746,,
2700,0.0841344692269751,0.0653553472674,0.0872964105663758,0.0484718593075263,0.0790160558539034,0.0496373542176516,0.0788462155422773,0.05656225123971,,
2710,0.0841301118373667,0.0654126802200408,0.0873021506726342,0.048449699333863,0.078951113186959,0.0502909384334699,0.0788153278093553,0.0565489529296193,,
2720,0.0840098583761058,0.0654295826441154,0.0872695328837477,0.0484321782773663,0.0790126240877419,0.0504429429199199,0.0787993693661506,0.0565596266915964,,
2730,0.0839913558706353,0.0654160705543514,0.0872212963267561,0.0484125412232187,0.0790169271872942,0.0501992763316102,0.0788004600285902,0.0565475437818582,,
2740,0.0838348010740086,0.0653561184565686,0.0871883356593702,0.0483938446964689,0.07903556988354,0.0499106330833732,0.0787215676954063,0.0565381389096153,,
2750,0.0838912663902013,0.0654834776557164,0.0871149010687265,0.0484192507802762,0.0790019404270352,0.0485660081204228,0.0787644215667797,0.0565207305789315,,
2760,0.0839523401607261,0.0655373387741718,0.0870696294808865,0.0483364758557037,0.0789923699382521,0.0502059453499012,0.0787459340940141,0.056519431105166,,
2770,0.0839163987495572,0.0654870857162673,0.0870720918927095,0.0482528578301831,0.0790694199767705,0.0502736179194345,0.0787353130193412,0.0565040409932633,,
2780,0.0838398943201403,0.0655420322603214,0.0869930359158946,0.0484145523958554,0.0790650163409382,0.0492139080313474,0.0786750146512567,0.0564933881788517,,
2790,0.0838183722108178,0.0655050389903102,0.0869690108658746,0.0484493014003906,0.0790436293447592,0.0543124848058851,0.0786896774703161,0.0564855970166794,,
2800,0.0836691048044524,0.0654726884737514,0.0869393284714137,0.0484584743739181,0.0790327034876542,,0.0785147797321162,0.0564911826428826,,
2810,0.0838541922932028,0.0654862736587182,0.08691249488965,0.0484413838442569,0.079012464749475,,0.0786133408991785,0.056487364084886,,
2820,0.0837896390863114,0.0654960898384181,0.086887178057347,0.0483858862753456,0.0789665744371486,,0.0785291912952663,0.0564946959916973,,
2830,0.0837198401981027,0.0654943484361655,0.0868166474487366,0.0485071698129236,0.0789826767842068,,0.0784854113046372,0.0565047019140537,,
2840,0.0835394584839164,0.0654376679237682,0.0867637608302673,0.0485510978584195,0.078988491823794,0.048632351228592,0.0784871473629688,0.0565080995631322,,
2850,0.0834668253519756,0.0654862622690632,0.0867623293102061,0.048540946833215,0.0790255998724514,0.0485604596647961,0.0785020358071986,0.056527018742657,,
2860,0.0835301506191247,0.0655139582230691,0.0866387663574528,0.0485106357971833,0.0795179256962889,,0.0784824841846937,0.0565295890162625,,
2870,0.0834705484864832,0.0655313418630469,0.0866232631248769,0.0485691564407916,0.0791300131595423,,0.0783179626363375,0.0565478159593639,,
2880,0.0833477444845735,0.0654489236078946,0.0865213364369164,0.0485879095033242,0.0798177036251959,,0.0784427838990603,0.0565559635803046,,
2890,0.0833076603238447,0.0655841005498675,0.0864464178892769,0.0485847079581031,0.0795394232996444,,0.0782730131670896,0.0565632591280741,,
2900,0.0833823097534193,0.0655720253528464,0.0864563107841186,0.0485913269104779,0.0799593486918372,,0.0783683225689229,0.0565568767255901,,
2910,0.08326861326317,0.0655333999028821,0.0863472428494231,0.0485990877058836,0.0796299673876615,,0.0783421219445534,0.0565683893143295,,
2920,0.0833492387956898,0.0656564435419898,0.0862779194297734,0.0485710301634894,0.0801559227715435,,0.0783170797499041,0.0565794295604854,,
2930,0.0833232189525188,0.065531199957466,0.0861441780757562,0.0485386388486862,0.0799440222324019,,0.0783009758380895,0.0565679178708506,,
2940,0.0832836434031972,0.0657349469575138,0.0861923511997229,0.0485229283829247,0.0798627499588345,,0.078443790138376,0.0565521588373082,,
2950,0.0836309325664105,0.0656942055766224,0.0862282734810462,0.0485265135484012,0.079880387224983,,0.0783433707900269,0.0565360212215913,,
2960,,0.0659453422950343,0.0860873698589861,0.0484606797155922,0.0799460131354477,,0.0783511295175425,0.0565272880403903,,
2970,,0.0658725903743289,0.0861773811817514,0.0484386279395885,0.0802762703191251,,0.0783613018327521,0.0565077306598253,,
2980,,0.065976418136498,0.0863569489648978,0.0484289441246956,0.080311471817608,,0.078319610481997,0.0565025398362951,,
2990,,0.0660545961200314,0.08628114648505,0.0483900749698338,0.0799548295478582,,0.0784541807365716,0.0564941064049135,,
3000,,0.0662209586340202,0.0862006220030375,0.0484574246772147,0.080041111235945,,0.0783828743762559,0.0564821404821833,,
3010,,0.0661732476016628,0.0862119848694914,0.0485119136953572,0.0800609976522827,,0.0784292906280276,0.0564739820287,,
3020,,0.0663872096795712,0.0859991940659172,0.0484975362126406,0.080145385616227,,0.0784566206231094,0.0564717966163346,,
3030,,0.0664616312574565,0.0860092275606219,0.0484700178338572,0.0805206737416803,,0.0784197527363222,0.0564727517497376,,
3040,,0.0664060681625284,0.0859586635065325,0.0484842486630088,0.080438922397827,,0.0784175864790176,0.0564814347070882,,
3050,,0.0664988905600982,0.085936529161641,,0.0806094615646082,,0.0784051214724164,0.0564875977112224,,
3060,,0.0665925396426862,0.0860307414703511,,0.0803633606904182,,0.0784720893466165,0.056512093841158,,
3070,,0.0665394502356128,0.0858587773515198,,0.0801743704866886,,0.0785664655758186,0.0565216888626966,,
3080,,0.0667069673537746,0.0858910030824323,,0.0800707442145392,,0.0785311117735,0.0565448817994443,,
3090,,0.0667370750380546,0.0859048927092265,,0.0801641488032975,,0.0786201514721026,0.0565534792643458,,
3100,,0.0668467754621434,0.085831658455741,,0.0801034953413684,,0.0785430962526778,0.0565635637558848,,
3110,,0.0669137932897793,0.0858113656637012,,0.0801219512824733,,0.0785746215428986,0.0565790138343395,,
3120,,0.0669607564830321,0.0856895558539418,,0.0802363233757227,,0.0785540528123329,0.0565867444617554,,
3130,,0.0671095208182458,0.08552132325095,,0.079936288570138,,0.0786471255083512,0.0565753864726739,,
3140,,0.0673170458020913,0.086142720062308,,0.0802024479980865,,0.0786885479392764,0.0565554658139547,,
3150,,0.0674361935400116,0.0862422542330431,,0.080269597658292,,0.0786541479584346,0.0565310768106649,,
3160,,0.0675209875068945,0.0861627576031529,,0.0803164413570472,,0.0786702799339066,0.0565041105254529,,
3170,,0.0677164306786358,0.0860190142631455,,0.0802919042394686,,0.0787219713452951,0.0564855231936633,,
3180,,0.0677967908454114,0.0859380252468745,,0.0803655781504237,,0.0787419961644456,0.056466618037882,,
3190,,0.0678052054003999,0.0858897035200433,,0.0803154428987854,,0.078737860565543,0.0564568666710007,,
3200,,0.0679505261029366,,,0.0802694323158964,,0.0788567334000514,0.0564340716155467,,
3210,,0.0680392041484087,,,0.0804263721648766,,0.0787305275631935,0.0564260825432035,,
3220,,0.0681069287338667,,,0.0802829229790346,,0.0787616697695337,0.0564114276461372,,
3230,,0.0681482763901982,,,0.0801544779211513,,0.0788111727266707,0.0564094641055346,,
3240,,0.0681374299334233,,,0.0801798462334642,,0.0787950682815649,0.056402863913912,,
3250,,0.0683356488514482,,,0.0801272770303246,,0.078819202773152,0.0563886012433185,,
3260,,0.0684858391881543,,,0.0801241877717527,,0.0788060501730039,0.0563778158425231,,
3270,,0.068561820615601,,,0.0797727849180908,,0.0788510413054088,0.0563672175267658,,
3280,,0.0685511143809772,,,0.0800981113616206,,0.0788391444924429,0.0563615616172935,,
3290,,0.068701352391144,,,0.0800737975156429,,0.07892390025135,0.0563358803929642,,
3300,,0.0687457611918632,,,0.0800427246027394,,0.0788954362703645,0.0563068343972181,,
3310,,0.0687814484811675,,,0.0800129505561323,,0.0789135983169506,0.0562909556623079,,
3320,,0.0688663459210514,,,0.0800356523936464,,0.0789898342828973,0.0562729361547361,,
3330,,0.0689760809012991,,,0.0800168757633496,,0.0789426094142718,0.0562468295561464,,
3340,,0.0689997673167906,,,0.0805998199018788,,0.0790080615998474,0.0562235761079969,,
3350,,0.069139785978915,,,0.0800763553473109,,0.0789511673715654,0.0561634907806325,,
3360,,0.0691435359885162,,,0.0800731928874084,,0.078931975848804,0.0561619957545983,,
3370,,0.0692480863219417,,,0.0801150553131641,,0.0788928428531708,0.0561295813113042,,
3380,,0.0692452462341069,,,0.0801168375853992,,0.0790558458029026,0.0561216198005663,,
3390,,0.069328511108233,,,0.0801769258572074,,0.0790096705235654,0.056093641843923,,
3400,,0.0694487112006204,,,0.0801454936767773,,0.0790383068439699,0.0560565536658059,,
3410,,0.0696748153986127,,,0.0802088549704301,,0.0790609139242916,0.0560446191603926,,
3420,,0.0695190755226388,,,0.0802135183786342,,0.078992423037328,0.0560007259355405,,
3430,,0.0697860395739117,,,0.0802262378687875,,0.0789626842264369,0.0560010948709906,,
3440,,0.0697898450381859,,,0.0802655323054146,,0.0790404880430908,0.0559749149830717,,
3450,,0.0697650188811373,,,0.0803867572252315,,0.0789237122750442,0.0559631853655302,,
3460,,0.0699900374983295,,,0.0803039289572538,,0.0790133731647139,0.0559334052662827,,
3470,,0.070012460382513,,,0.0803675256449758,,0.0789068432710746,0.0559266856950311,,
3480,,0.0699882016319929,,,0.0804073655697643,,0.0789466368618538,0.0559020172311133,,
3490,,0.0700195831856366,,,0.0804061654015032,,0.0789435030485687,0.0558973320224628,,
3500,,0.070214645059285,,,0.08051055727653,,0.078891895359768,0.0558684359900134,,
3510,,0.0701819685729922,,,0.080475810172832,,0.0792429093158163,0.05583758103126,,
3520,,0.070215361580323,,,0.0805761527038475,,0.0792131050830224,0.0558081646373448,,
3530,,0.0702530847931035,,,0.0806712159880533,,0.0790971989078877,0.0558024400859702,,
3540,,0.0702918533870162,,,0.0806536121964593,,0.07906698871626,0.0557492849768295,,
3550,,0.0703683747535008,,,0.080780966853504,,0.0798197822214057,0.055727303798941,,
3560,,0.0703763192219911,,,0.0809386511116116,,0.079630865219232,0.0556914538118562,,
3570,,0.0703373281193704,,,0.080917975276181,,0.0797493510891796,0.0556610196704343,,
3580,,0.0704987215946911,,,0.0811309742547576,,0.079507852670125,0.0556303713251269,,
3590,,0.070547007131212,,,0.0811752675987,,0.0799367742322027,0.0556020225334062,,
3600,,0.0705199666958098,,,0.0812149470304648,,0.079686991721354,0.0555497580932788,,
3610,,0.0705091538336043,,,0.0814943997666767,,0.0798980143954892,0.0554941169872582,,
3620,,0.0707014032631805,,,0.0815896403933983,,0.0801718000043647,0.0554933700643931,,
3630,,0.0706564727581195,,,0.0816848921224094,,0.0796734376070041,0.0554489439773713,,
3640,,0.0706401798134186,,,0.0818536721108384,,0.0804050710719733,0.0554931050452913,,
3650,,0.0707464064661594,,,0.0818528622684727,,0.080383598144608,0.0555477876471829,,
3660,,0.0708232399221072,,,0.0820755584612637,,0.0798820950376644,0.0555138657712659,,
3670,,0.0707938532631655,,,0.0821875610192066,,0.0800295372251905,0.0555531546347416,,
3680,,0.0708251228646809,,,0.0822467546941353,,0.0798807679717412,0.0556296016786693,,
3690,,0.0708771167347632,,,0.082394551410852,,0.0799221369124699,0.0556873457641822,,
3700,,0.0708969682921944,,,0.0825563359401681,,0.0800835599404284,0.0557052098101575,,
3710,,0.0709520849992992,,,0.0826428719998984,,0.0800354567287986,0.0556727589672486,,
3720,,0.0709725932937315,,,0.0827869986364615,,0.0799495492911328,0.0556553482660012,,
3730,,0.0710045460756122,,,0.0828836103749677,,0.0801546397724667,0.0556108321324338,,
3740,,0.0710561088498476,,,0.082938682309662,,0.0799930424470962,0.0555847301893215,,
3750,,0.0710382779762509,,,0.0831335430826248,,0.079955848397473,0.0555717714242388,,
3760,,0.0710854259181721,,,0.0833475777085058,,0.080080231118023,0.0555419849433737,,
3770,,0.0711410234661165,,,0.0834632222071258,,0.0803170100520548,0.0555199130671523,,
3780,,0.0712979806630623,,,0.083583437684284,,0.0802240993489026,0.0554608073827337,,
3790,,0.0711773716591029,,,0.0836073162481186,,0.0800260615561061,0.0554342179111202,,
3800,,0.071255115153434,,,0.0839333078555333,,0.0800367085307087,0.0554564448210941,,
3810,,0.0712453977852716,,,0.0838209220043901,,0.0801468660887282,0.0553742797508957,,
3820,,0.071360351110877,,,0.0838705907278544,,0.0800646827494225,0.0553508528121638,,
3830,,0.0713273365731904,,,0.0841420958023379,,0.0801494746446855,0.0553774781017084,,
3840,,0.071338468329937,,,0.0842412928271459,,0.0803298489292207,0.055389793330656,,
3850,,0.0713617591053755,,,0.084406724272416,,0.0801747022089827,0.0553781080809357,,
3860,,0.0714605733722944,,,0.0845311839619465,,0.0802760218446775,0.0553296962175209,,
3870,,0.0713889924510137,,,0.0846389242712285,,0.0802628150191474,0.0553593404975804,,
3880,,0.0715117676895333,,,0.0846331446117333,,0.0806674691975477,,,
3890,,0.0713887464418038,,,0.0848520981148164,,0.0803445576597454,,,
3900,,0.0714900083926086,,,0.0848293078187443,,0.0802936289751225,,,
3910,,0.0715260398336641,,,0.0850366413533801,,0.08079019234875,,,
3920,,0.0714261156200304,,,0.0849808620811604,,0.0804445580944167,,,
3930,,0.0715172760159636,,,0.0851647615780091,,0.0803801753047853,,,
3940,,0.0714800385040781,,,0.0853332872652106,,0.0803603495424575,,,
3950,,0.0716380206143369,,,0.0853020775158053,,0.0803167650914068,,,
3960,,0.071629114613601,,,0.0854493662748978,,0.080318022198105,,,
3970,,0.0716080483173379,,,0.0855636003825214,,0.0802854966999355,,,
3980,,0.071631813014581,,,0.0855790211018698,,0.0803097391962829,,,
3990,,0.0716743786995069,,,0.0857367009248185,,0.0803328420365307,,,
4000,,0.0716823893887404,,,0.0857918359151955,,0.0802095602941872,,,
4010,,0.0717214138204253,,,0.0858385791342423,,0.0802087135293096,,,
4020,,0.0717027854365086,,,0.0858791375209462,,0.0802121946302121,,,
4030,,0.0717046049658684,,,0.0860354068826264,,0.0801658371180929,,,
4040,,0.0716771229808628,,,0.0860832222912008,,0.080231429042753,,,
4050,,0.07175270545383,,,0.0860380110756349,,0.0801546121445915,,,
4060,,0.0717571932357653,,,0.086163503840105,,0.0801957169273035,,,
4070,,0.0716989655272745,,,0.0862683290276716,,0.0806426055712099,,,
4080,,0.071753075852104,,,0.0862725974460873,,0.0802620121535183,,,
4090,,0.0717644214559105,,,0.0863331581838586,,0.0802288636234427,,,
4100,,0.071757790864454,,,0.0864419499130174,,0.0802709614048525,,,
4110,,0.0716976353416641,,,0.0864613898279275,,0.0802671003081304,,,
4120,,0.0717974581794474,,,0.0865702580098097,,0.0802904781988964,,,
4130,,0.0716986637720082,,,0.0865985439216465,,0.0805439039369065,,,
4140,,0.0717301193139394,,,0.0866422619300856,,0.0803190912864699,,,
4150,,0.0717744448576427,,,0.0867045675450225,,0.0803230519020086,,,
4160,,0.0717556127687683,,,0.0868077813694302,,0.0803606575523578,,,
4170,,0.0718079178131188,,,0.0869394394415098,,0.0803692593237132,,,
4180,,0.0717825287532903,,,0.0868902161320673,,0.0803501409616403,,,
4190,,0.0717880713246155,,,0.0869713311174719,,0.080406330271384,,,
4200,,0.0718013606797057,,,0.0869985160051751,,0.0804172904310273,,,
4210,,0.0717604674600423,,,0.0870880597986507,,0.0804579678342442,,,
4220,,0.0717913039434056,,,0.0871859885549579,,0.080417794766181,,,
4230,,0.0716963210290883,,,0.087213919179674,,0.080544258664256,,,
4240,,0.0717405994566304,,,0.0872666246618711,,0.080518057372412,,,
4250,,0.0717183740416056,,,0.0872749887029751,,0.0806410864299823,,,
4260,,0.0716633658717009,,,0.0873326737554478,,0.0805748377117405,,,
4270,,0.0716995830931119,,,0.0874828627600595,,0.0806155491370619,,,
4280,,0.0716742081571819,,,0.0874801190304908,,0.0806578749726053,,,
4290,,0.0716169240124009,,,0.0874991323092853,,0.0806956391566553,,,
4300,,0.0716562780047047,,,0.087507972542575,,0.0806497818917061,,,
4310,,0.0716439339643705,,,0.0876055631623107,,0.0807005689385427,,,
4320,,0.0716546448220202,,,0.0876262276499009,,0.0807201586019123,,,
4330,,0.0716162510515437,,,0.0876591272883802,,0.0807800110482079,,,
4340,,0.0715776671606644,,,0.0877169432824851,,0.0807882920704329,,,
4350,,0.0715356378268193,,,0.087726318883125,,0.0807745165791901,,,
4360,,0.0715932863352725,,,0.0877795741102929,,0.0808553881529962,,,
4370,,0.0715684867540276,,,0.0877846597984695,,0.0807710346261899,,,
4380,,0.0715693188908891,,,0.0878662045782752,,0.0808311661810167,,,
4390,,0.0715180843230463,,,0.0878653128427841,,0.080891500287141,,,
4400,,0.0715675411402438,,,0.0878948738930229,,0.081521864956412,,,
4410,,0.0714976699092575,,,0.0878943555705896,,0.0811148750325025,,,
4420,,0.0714048026401438,,,0.087933925681832,,0.0810978282445124,,,
4430,,0.0714335176738433,,,0.0881031596118112,,0.0810136370893352,,,
4440,,0.0714260018463529,,,0.0880827026063667,,0.0813192202782402,,,
4450,,0.0713811745120187,,,0.0880410276675297,,0.081309720987861,,,
4460,,0.071376047035585,,,0.0881163751422904,,0.0815606821080189,,,
4470,,0.0712665614340805,,,0.0881011737229698,,0.0815501966596642,,,
4480,,0.0712425566137015,,,0.0881761063879976,,0.0810631906609819,,,
4490,,0.0712818604062889,,,0.0882702213364859,,0.0815980023843245,,,
4500,,0.0712599193266685,,,0.0882424097974756,,0.08177878992959,,,
4510,,0.0713198786387644,,,0.0882551467670936,,0.0818632416599833,,,
4520,,0.0712916253735331,,,0.0883045515122202,,0.0818306929307951,,,
4530,,0.0712266809830019,,,0.0883036834079692,,0.0818749929971757,,,
4540,,0.0711706238704059,,,0.088297745089924,,0.0820420039722026,,,
4550,,0.0711990955481707,,,0.0883817575658261,,0.0820081289431483,,,
4560,,0.0710878438158785,,,0.0884862122715942,,0.0820401666662829,,,
4570,,0.0710563588198764,,,0.0883431279741035,,0.0821080261106671,,,
4580,,0.0710218868864756,,,0.0884853606565292,,0.0821383652586506,,,
4590,,0.0709701653055034,,,0.0885217304855578,,0.0823000882511684,,,
4600,,0.0709829490306351,,,0.088420764795835,,0.0821879685697079,,,
4610,,0.0709272220348906,,,0.0885704634573131,,0.0822807379298512,,,
4620,,0.0708305640376,,,0.0885099279563777,,0.0824009979084924,,,
4630,,0.0708974756511607,,,0.0885647098583287,,0.0822638851938541,,,
4640,,0.0708891811662989,,,0.0884713302762054,,0.0823432835148706,,,
4650,,0.070866623896087,,,0.0886200084487687,,0.0825926958753795,,,
4660,,0.0708811399842,,,0.0886522631292209,,0.0824234255866761,,,
4670,,0.0710093630111051,,,0.0886285501009307,,0.0825941174161915,,,
4680,,0.0708719596438775,,,0.0887050841969243,,0.0825998760978797,,,
4690,,0.070793019387,,,0.0886138615040957,,0.0827079863387382,,,
4700,,0.0707844831600159,,,0.0886873912566339,,0.0827470117939268,,,
4710,,0.0707654775237536,,,0.0887256225936696,,0.0827587245014859,,,
4720,,0.0706059133121205,,,0.0887259592686153,,0.0829748422939524,,,
4730,,0.0706858955656103,,,0.0887023519687822,,0.082939088618018,,,
4740,,0.0706401401159899,,,0.0887946550468277,,0.0829110748816267,,,
4750,,0.0707599714868772,,,0.0887164320895047,,0.0830232723407219,,,
4760,,0.0704678197582264,,,0.0886664077101832,,0.0830161276790899,,,
4770,,0.070372820567001,,,0.088791310810131,,0.0830507386766259,,,
4780,,0.0704605204203558,,,0.0887889297779732,,0.0831088091048727,,,
4790,,0.070773386221557,,,0.08871187776815,,0.083246709351286,,,
4800,,0.0708974348577111,,,0.0888169519681094,,0.0831963255269964,,,
4810,,0.070844932969606,,,0.0888346153833017,,0.0833888859123205,,,
4820,,0.0708737299837836,,,0.0887842968161594,,0.0833885783510221,,,
4830,,0.0708476421610594,,,0.0889165656706947,,0.0835033023196144,,,
4840,,0.0707616662054876,,,0.0887956024755895,,0.0833920686380037,,,
4850,,0.0707557611214434,,,0.0888072560215369,,0.0834066544920286,,,
4860,,0.0707547427233096,,,0.0888705293927149,,0.0835201035287816,,,
4870,,,,,0.0888892644044018,,0.0835453540190333,,,
4880,,0.0707460192837692,,,0.088809493608109,,0.0836253174530655,,,
4890,,0.0707284951663509,,,0.0888346655736512,,0.0835420369901157,,,
4900,,0.070312018538647,,,0.0888081368083342,,0.0837508346235511,,,
4910,,0.070107320664452,,,0.0888748618114954,,0.0837863536410859,,,
4920,,,,,0.0887727877342184,,0.0837972095564292,,,
4930,,,,,0.0887885381908358,,0.0837609870949182,,,
4940,,,,,0.0888751931298094,,0.0836966052547579,,,
4950,,,,,0.0887876271844058,,0.08385166964075,,,
4960,,,,,0.0887566464704,,0.0839015454214032,,,
4970,,,,,0.0887217032751295,,0.083747778919847,,,
4980,,,,,0.0887122462985483,,0.0837419860831125,,,
4990,,,,,0.0887393327535647,,0.08398336039311,,,
5000,,,,,0.088743583287978,,0.0838517354288609,,,
5010,,,,,0.0886886759207419,,0.0837803381552541,,,
5020,,,,,0.0886790900812,,0.0839122210812206,,,
5030,,,,,0.0886509407469182,,0.0839332091271516,,,
5040,,,,,0.088603001865484,,0.0838460613870611,,,
5050,,,,,0.0886372587060512,,0.0839154085111965,,,
5060,,,,,0.0885617512504457,,0.0839327247601889,,,
5070,,,,,0.0885357442943776,,0.0840356770172422,,,
5080,,,,,0.0885555394081954,,0.0839070310643064,,,
5090,,,,,0.0885598418199831,,0.0838659576393021,,,
5100,,,,,0.0885235899024008,,0.0840833080938275,,,
5110,,,,,0.0884564113949635,,0.0842455274068978,,,
5120,,,,,0.0884867025428086,,0.0842935103413344,,,
5130,,,,,0.0884474165327977,,0.0841512571962214,,,
5140,,,,,0.0884104274063579,,0.0842778107487478,,,
5150,,,,,0.0884049553230142,,0.0844007213836319,,,
5160,,,,,0.0883826989757548,,0.0846089731750223,,,
5170,,,,,0.0883713874862827,,0.0845348176808179,,,
5180,,,,,0.0883701723153008,,0.0846099213691705,,,
5190,,,,,0.0883686706253426,,0.0845654913936901,,,
5200,,,,,0.0883091122550326,,0.0848680299410549,,,
5210,,,,,0.0882471101552976,,0.0846732188686405,,,
5220,,,,,0.0882175778267363,,0.0847910206428184,,,
5230,,,,,0.0881809727156313,,0.0847849547960494,,,
5240,,,,,0.088204788956215,,0.0849990234740239,,,
5250,,,,,0.0881708992542992,,0.0847335695039047,,,
5260,,,,,0.0881368958197862,,0.0848148923499841,,,
5270,,,,,0.0881139358163691,,0.085315309288912,,,
5280,,,,,0.08802536962349,,0.0850453341335894,,,
5290,,,,,0.0880154403156757,,0.0851348267291859,,,
5300,,,,,0.0879167173598189,,0.0850826879024046,,,
5310,,,,,0.0879160031296728,,0.0850489424900236,,,
5320,,,,,0.0878555810003889,,0.0850696375388021,,,
5330,,,,,0.0878732003235507,,0.0852037404481747,,,
5340,,,,,0.0877335110144571,,0.0851729722477242,,,
5350,,,,,0.0877631307934096,,0.0851748477643619,,,
5360,,,,,0.0877032689234515,,0.0853752164221094,,,
5370,,,,,0.0877187875334861,,0.0853107785467135,,,
5380,,,,,0.0875014107792043,,0.085296795853854,,,
5390,,,,,0.0874830994620077,,0.0853994727606217,,,
5400,,,,,0.0876455042151465,,0.0853621958853407,,,
5410,,,,,0.0878128001094054,,0.0853829163886286,,,
5420,,,,,0.0877865862271938,,0.0853971033964584,,,
5430,,,,,0.0876599073555008,,0.0854262164111,,,
5440,,,,,0.0876815340379056,,0.0855029193057071,,,
5450,,,,,0.0876154331683762,,0.0853702658268526,,,
5460,,,,,0.0877553703414693,,0.0854932565849805,,,
5470,,,,,0.0878452992986909,,0.0855673228937705,,,
5480,,,,,0.0877310460455974,,0.0855837763039655,,,
5490,,,,,0.0878043843379393,,0.085405056552037,,,
5500,,,,,0.0877259224993256,,0.0855296546414041,,,
5510,,,,,0.0876462414179138,,0.0856930720563789,,,
5520,,,,,0.08771489298246,,0.085641788940744,,,
5530,,,,,0.0877598428737648,,0.0855596750156575,,,
5540,,,,,0.0877416643575058,,0.0855644659566657,,,
5550,,,,,0.0876529671285736,,0.0856653617096386,,,
5560,,,,,0.0875534485265371,,0.085617862157707,,,
5570,,,,,0.0875850022025228,,0.085670549065828,,,
5580,,,,,0.0875812693539325,,0.0856135001157776,,,
5590,,,,,0.0874202723626592,,0.0856336609998403,,,
5600,,,,,0.0875824108012713,,0.0856502128271735,,,
5610,,,,,0.0876124777355592,,0.0858292919875155,,,
5620,,,,,0.0876107789015597,,0.0858352545302423,,,
5630,,,,,0.0874126940908602,,0.0857284096119781,,,
5640,,,,,0.0874875416053797,,0.0856939070731466,,,
5650,,,,,0.0872752233540769,,0.0858203025926817,,,
5660,,,,,0.0872563594283776,,0.0859653083481747,,,
5670,,,,,0.0873165701947041,,0.0859256902616792,,,
5680,,,,,0.0873629240129486,,0.0858255433255833,,,
5690,,,,,0.0876987549100014,,0.0859469311076487,,,
5700,,,,,0.087642747181204,,0.085869654084712,,,
5710,,,,,0.0877893368797682,,0.0859817299387622,,,
5720,,,,,0.0876664012283836,,0.0859554830194356,,,
5730,,,,,0.0875328612364634,,0.0858024194905388,,,
5740,,,,,0.0875548445490293,,0.0860583410579762,,,
5750,,,,,,,0.0859349157077911,,,
5760,,,,,,,0.0859316404399027,,,
5770,,,,,,,0.0858933307748846,,,
5780,,,,,,,0.0859493922325827,,,
5790,,,,,,,0.08607773919083,,,
5800,,,,,,,0.0859369839630281,,,
5810,,,,,,,0.0860631270559179,,,
5820,,,,,,,0.0861572229381047,,,
5830,,,,,,,0.0861150451223148,,,
5840,,,,,,,0.0860870118252823,,,
5850,,,,,,,0.0861992547510769,,,
5860,,,,,,,0.086095815980621,,,
5870,,,,,,,0.0862300591070326,,,
5880,,,,,,,0.0860373526696436,,,
5890,,,,,,,0.0860026742523083,,,
5900,,,,,,,0.0863469104942159,,,
5910,,,,,,,0.0862218789084405,,,
5920,,,,,,,0.086278308346612,,,
5930,,,,,,,0.0861482259080585,,,
5940,,,,,,,0.0863390650507976,,,
5950,,,,,,,0.0862114912766241,,,
5960,,,,,,,0.0864178162413653,,,
5970,,,,,,,0.086447576279688,,,
5980,,,,,,,0.08642864063567,,,
5990,,,,,,,0.0863483495454819,,,
6000,,,,,,,0.0864532580061975,,,
6010,,,,,,,0.0865189007574878,,,
6020,,,,,,,0.0865429166139296,,,
6030,,,,,,,0.0863830251994718,,,
6040,,,,,,,0.0863042808606425,,,
6050,,,,,,,0.0866013697416234,,,
6060,,,,,,,0.0864674599095316,,,
6070,,,,,,,0.0865076195391756,,,
6080,,,,,,,0.0864918255765587,,,
6090,,,,,,,0.0863966017144109,,,
6100,,,,,,,0.0865927192911663,,,
6110,,,,,,,0.0864652606712024,,,
6120,,,,,,,0.0864972577658295,,,
6130,,,,,,,0.08634459919075,,,
6140,,,,,,,0.0864619888356181,,,
6150,,,,,,,0.0863841261360835,,,
6160,,,,,,,0.0865392771762546,,,
6170,,,,,,,0.0863806667540072,,,
6180,,,,,,,0.0865243970440526,,,
6190,,,,,,,0.0864371808464262,,,
6200,,,,,,,0.0864803115013704,,,
6210,,,,,,,0.0865113843652456,,,
6220,,,,,,,0.0864003713000298,,,
6230,,,,,,,0.0863394675994646,,,
6240,,,,,,,0.086402450653569,,,
6250,,,,,,,0.0864637585363338,,,
6260,,,,,,,0.0863768990165378,,,
6270,,,,,,,0.0864153217195804,,,
6280,,,,,,,0.0862967082527906,,,
6290,,,,,,,0.0863160671536824,,,
6300,,,,,,,0.0863267597583092,,,
6310,,,,,,,0.0863237074280178,,,
6320,,,,,,,0.0863051682233443,,,
6330,,,,,,,0.086293466477689,,,
6340,,,,,,,0.0863460855431641,,,
6350,,,,,,,0.0862776476890057,,,
6360,,,,,,,0.086366097874278,,,
6370,,,,,,,0.086236079852245,,,
6380,,,,,,,0.0862777413496534,,,
6390,,,,,,,0.0861950760154922,,,
6400,,,,,,,0.0862849347956107,,,
6410,,,,,,,0.0861780814813518,,,
6420,,,,,,,0.08623535598451,,,
6430,,,,,,,0.08626598025325,,,
6440,,,,,,,0.0861942789896321,,,
6450,,,,,,,0.0861164865336227,,,
6460,,,,,,,0.08610159236711,,,
6470,,,,,,,0.0861278514482836,,,
6480,,,,,,,0.086117261695442,,,
6490,,,,,,,0.0859944381551085,,,
6500,,,,,,,0.0859245888969011,,,
6510,,,,,,,0.0860236701898494,,,
6520,,,,,,,0.0861786334522869,,,
6530,,,,,,,0.0859104251727244,,,
6540,,,,,,,0.0859237117248903,,,
6550,,,,,,,0.0859811660574826,,,
6560,,,,,,,0.0860387902065011,,,
6570,,,,,,,0.0859464122852825,,,
6580,,,,,,,0.085843857530491,,,
6590,,,,,,,0.0858017410127745,,,
6600,,,,,,,0.0857414043538265,,,
6610,,,,,,,0.0857479072422968,,,
6620,,,,,,,0.0861818425183267,,,
6630,,,,,,,0.0859084738336095,,,
6640,,,,,,,0.086026974568838,,,
6650,,,,,,,0.0858968653630394,,,
6660,,,,,,,0.0859506386694021,,,
6670,,,,,,,0.0858601540797225,,,
6680,,,,,,,0.0859291763706926,,,
6690,,,,,,,0.085953485370367,,,
6700,,,,,,,0.0857823847562319,,,
6710,,,,,,,0.0858143174228633,,,
6720,,,,,,,0.08566678955673,,,
6730,,,,,,,0.0857395891692788,,,
6740,,,,,,,0.085603173798178,,,
6750,,,,,,,0.0856751615099417,,,
6760,,,,,,,0.0857310107406641,,,
6770,,,,,,,0.0855449959480899,,,
6780,,,,,,,0.0856460830986366,,,
6790,,,,,,,0.0854920323516688,,,
6800,,,,,,,0.0856411658688269,,,
6810,,,,,,,0.0855425629096969,,,
6820,,,,,,,0.0855678255847031,,,
6830,,,,,,,0.0853421686659104,,,
6840,,,,,,,0.0854462541422235,,,
6850,,,,,,,0.0853177065965044,,,
6860,,,,,,,0.0853430943222851,,,
6870,,,,,,,0.0852983034718272,,,
6880,,,,,,,0.0853818720938953,,,
6890,,,,,,,0.0850665540931246,,,
6900,,,,,,,0.0851377551036493,,,
6910,,,,,,,0.0852843234785862,,,
6920,,,,,,,0.0853181630851625,,,
6930,,,,,,,0.0851552839055786,,,
6940,,,,,,,0.085269576691535,,,
6950,,,,,,,0.0851163214535812,,,
6960,,,,,,,0.0851509550639758,,,
6970,,,,,,,0.0854143192906697,,,
6980,,,,,,,0.0855316880181151,,,
7000,,,,,,,0.085482071611018,,,
7020,,,,,,,0.0856046067670289,,,
7030,,,,,,,0.085024143897592,,,
7060,,,,,,,0.0854974026373965,,,
7070,,,,,,,0.0850642902071053,,,
7080,,,,,,,0.0850294378534255,,,
