TimeBin,UCB1,eGreedy0.1,EnsembleEAnnealingUpdateAll,EXP30.5,EnsembleRandomUpdateAll,Naive3,Random,eAnnealing,Softmax0.1,
0,0.0533333333333,0.07,0.085,0.11,0.08,0.08,0.09,0.07,0.09,
10,0.0414285714286,0.0483720930233,0.05,0.0513333333333,0.0507142857143,0.068,0.0439473684211,0.0511538461538,0.0558333333333,
20,0.0382926829268,0.0472093023256,0.0496774193548,0.0470909090909,0.0466666666667,0.0605555555556,0.0411904761905,0.0501369863014,0.0530188679245,
30,0.0387692307692,0.0497115384615,0.0490384615385,0.0442268041237,0.0477551020408,0.0576666666667,0.0397709923664,0.0521568627451,0.0527433628319,
40,0.0387692307692,0.0506603773585,0.0498412698413,0.0442452830189,0.0463793103448,0.0565909090909,0.0373372781065,0.0514678899083,0.0525438596491,
50,0.0367415730337,0.0496694214876,0.0510344827586,0.043625,0.0470526315789,0.0548,0.0354502369668,0.0508571428571,0.0513291139241,
60,0.0363636363636,0.0486713286713,0.0527884615385,0.0436585365854,0.0477884615385,0.0527868852459,0.033893129771,0.0494512195122,0.0509340659341,
70,0.0361194029851,0.0479255319149,0.0525471698113,0.0428648648649,0.0471929824561,0.0531958762887,0.0341230769231,0.0488601036269,0.0488571428571,
80,0.0347741935484,0.048,0.051796875,0.0416355140187,0.0471851851852,0.0538317757009,0.0341666666667,0.0477130044843,0.0468907563025,
90,0.0338285714286,0.0470283018868,0.0522535211268,0.0405226480836,0.0469135802469,0.0535135135135,0.0342133333333,0.0469884169884,0.0471739130435,
100,0.0325252525253,0.0476219512195,0.05125,0.040830449827,0.047005988024,0.0542056074766,0.0338442211055,0.047747440273,0.0470764119601,
110,0.0315750915751,0.0482285714286,0.05,0.0412974683544,0.0464804469274,0.0542990654206,0.0336842105263,0.04865625,0.0474018126888,
120,0.0319333333333,0.0493963254593,0.049935483871,0.0414114114114,0.0455555555556,0.0541666666667,0.0338811881188,0.0495977011494,0.0477158774373,
130,0.0330959752322,0.050637254902,0.049875,0.0414958448753,0.0444131455399,0.0533898305085,0.0338745387454,0.050433604336,0.0478378378378,
140,0.0338662790698,0.0520649651972,0.05,0.0418652849741,0.0434934497817,0.0525925925926,0.0343729372937,0.0508638743455,0.0467183462532,
150,0.0344134078212,0.0534955752212,0.0502083333333,0.0418863049096,0.0438735177866,0.052275862069,0.0347706422018,0.0527163461538,0.0462790697674,
160,0.0344134078212,0.0550743099788,0.050103626943,0.041985645933,0.0436882129278,0.0521764705882,0.0352064896755,0.0542562929062,0.0471816283925,
170,0.0355086848635,0.0568775510204,0.0488669950739,0.0417906976744,0.0439726027397,0.0521518987342,0.035464333782,0.0555701754386,0.0489779559118,
180,0.0370853080569,0.0587254901961,0.048115942029,0.0414505494505,0.0441176470588,0.0522023809524,0.0357270408163,0.056906779661,0.0500578034682,
190,0.0382718894009,0.0604104477612,0.0486301369863,0.0412195121951,0.0448170731707,0.0518235294118,0.0359879518072,0.058533604888,0.0524567474048,
200,0.0388325991189,0.061961130742,0.0491428571429,0.0411740890688,0.0454069767442,0.0515697674419,0.0360429082241,0.0602165354331,0.0548932676519,
210,0.0402564102564,0.0637248322148,0.0497289156627,0.0409708737864,0.0459776536313,0.0508379888268,0.0361851015801,0.0619056603774,0.056484375,
220,0.04125,0.0644677419355,0.0498847262248,0.0408876811594,0.0465591397849,0.0504081632653,0.0362191192266,0.0634829443447,0.0574962742176,
230,0.0418837675351,0.0650076569678,0.0501680672269,0.0409122807018,0.0466578249337,0.0497549019608,0.0361777301927,0.0650085470085,0.0589956958393,
240,0.0425048169557,0.0660677466863,0.0509383378016,0.0411726384365,0.0470646766169,0.0496226415094,0.0358764940239,0.0660396039604,0.0602325581395,
250,0.0430925925926,0.0667651195499,0.0514173228346,0.0411698717949,0.0475539568345,0.0499696969697,0.0360890609874,0.0663924050633,0.0610091743119,
260,0.0437609841828,0.0670094722598,0.051975,0.0412006079027,0.0479865771812,0.0502678571429,0.0361845861085,0.0671040723982,0.0614917825537,
270,0.0447138047138,0.0672041612484,0.0531310679612,0.0410709117221,0.0485281385281,0.0504857142857,0.0362728937729,0.0677001455604,0.0617668711656,
280,0.0460487804878,0.0674497487437,0.0541745283019,0.0410749646393,0.0497674418605,0.0508791208791,0.0364695340502,0.0682584269663,0.0618268090154,
290,0.0476489028213,0.0678378378378,0.0547935779817,0.0410070257611,0.0506378600823,0.0515425531915,0.0364907651715,0.0686314363144,0.0618661971831,
300,0.0487594553707,0.0679545454545,0.0556950672646,0.0414269406393,0.0516096579477,0.0519895287958,0.0366495726496,0.0687118193891,0.0616991963261,
310,0.0491202346041,0.0679787234043,0.0561790393013,0.041731409545,0.0523137254902,0.052325,0.0366945606695,0.0687878787879,0.0616894977169,
320,0.0497297297297,0.0678971428571,0.0566451612903,0.0419543973941,0.0533015267176,0.053487804878,0.0368632268632,0.0691143911439,0.0614285714286,
330,0.0500550964187,0.068347107438,0.0578571428571,0.041894510226,0.05426987061,0.0541805225653,0.0369366479551,0.0691119221411,0.0611783783784,
340,0.0502933333333,0.0687471264368,0.0587835051546,0.0416054564533,0.0552321428571,0.0548955916473,0.0369739952719,0.0693529411765,0.0605543478261,
350,0.0507702349869,0.0685812356979,0.0598383838384,0.0416381909548,0.0555805892548,0.0558823529412,0.03700077101,0.0697933409874,0.0604225352113,
360,0.0509846547315,0.0679977753059,0.0607509881423,0.04172,0.0564824120603,0.0563333333333,0.0372968868641,0.0701045296167,0.0605626850938,
370,0.0509846547315,0.0676773455378,0.0616023166023,0.0418199419167,0.056977124183,0.0570434782609,0.0373146747352,0.0701612903226,0.06091522158,
380,0.0510218978102,0.0673154362416,0.0626127819549,0.0420094339623,0.0575118858954,0.0574892703863,0.0372559171598,0.0698079096045,0.061320754717,
390,0.0519928400955,0.0667860798362,0.0634003656307,0.0422109158187,0.0580092592593,0.0578270042194,0.0372428884026,0.0690628445424,0.0617391304348,
400,0.0528904428904,0.0668149646107,0.0645486725664,0.0422901459854,0.0587837837838,0.0583884297521,0.0372609633357,0.0683585313175,0.0619727272727,
410,0.0529826589595,0.0670403146509,0.0654137931034,0.0423949955317,0.0592532942899,0.0586354378819,0.0372668579627,0.0681106471816,0.06225,
420,0.0529826589595,0.0671636011617,0.0664429530201,0.0425307557118,0.0594706723891,0.0591365461847,0.037146912704,0.0682837301587,0.0624912280702,
430,0.0529826589595,0.0672571428571,0.0669344262295,0.0426470588235,0.059860724234,0.0597963340122,0.0370926966292,0.0684757281553,0.0627178602243,
440,0.0529826589595,0.0673595505618,0.0672843450479,0.0429667519182,0.060068119891,0.0604819277108,0.037107266436,0.0685589941973,0.0630102040816,
450,0.0529826589595,0.0674354243542,0.0675700934579,0.0433109243697,0.0604255319149,0.0613017751479,0.0370495185695,0.0687221684414,0.0633752093802,
460,0.0529826589595,0.0675781948168,0.0680365296804,0.0436258278146,0.0608311688312,0.0619922630561,0.0370061099796,0.0687802607076,0.0635996705107,
470,0.0529826589595,0.0677728873239,0.0686160714286,0.0440113913751,0.0609044585987,0.0629455909944,0.0369813829787,0.0690063810392,0.0638767234388,
480,0.0527459954233,0.0681645021645,0.0690072992701,0.0442181234964,0.0610598503741,0.0638574040219,0.0370019854401,0.0691292639138,0.0642206235012,
490,0.0524215246637,0.0683631713555,0.0692560801144,0.0445691699605,0.0614565483476,0.0646964285714,0.0370435347628,0.0694060283688,0.0645125786164,
500,0.0520594713656,0.0686165670367,0.0696348314607,0.0446666666667,0.0615764139591,0.0654703832753,0.0370554123711,0.0697030567686,0.0647168347556,
510,0.0518453608247,0.0689739276703,0.0698358413133,0.044899691358,0.0617044100119,0.066405451448,0.0370249520154,0.0699224137931,0.0646243222308,
520,0.0518453608247,0.0691853699086,0.069851150203,0.0450844854071,0.0620046893318,0.0669449081803,0.0369323213156,0.07,0.0642768273717,
530,0.0518453608247,0.0694980694981,0.069960106383,0.0452265861027,0.0620115606936,0.0674049586777,0.036768558952,0.0701596638655,0.0645349730976,
540,0.0518453608247,0.0701452599388,0.069974025974,0.0452830188679,0.0619058553387,0.0677435064935,0.0365476923077,0.0701816680429,0.0646646341463,
550,0.0516053169734,0.0705927051672,0.0700516129032,0.045317577548,0.0619626168224,0.067898089172,0.0365057008719,0.0703830480848,0.0647103085026,
560,0.0514643931795,0.070874811463,0.0703011292346,0.0454758418741,0.0618634259259,0.0682334869432,0.0364566929134,0.0704758064516,0.0646436609152,
570,0.0513419483101,0.0712621359223,0.0704702970297,0.0454855072464,0.0617217787913,0.0687801204819,0.036450556647,0.0705284227382,0.0645845697329,
580,0.0512180746562,0.0715851851852,0.0704926108374,0.0455867530598,0.0616255605381,0.0692307692308,0.0363942931258,0.0707272727273,0.0649489795918,
590,0.0508341416101,0.0719985304923,0.0705428226779,0.0455762347888,0.0614017660044,0.0694985250737,0.0363164638053,0.0714106583072,0.0653651482285,
600,0.0509585492228,0.0723979591837,0.0705282112845,0.0455729537367,0.0609869848156,0.069756795422,0.0363371428571,0.0720558572537,0.0657604017217,
610,0.0511653813196,0.0725995655322,0.0704620853081,0.0455602536998,0.0607948442535,0.0700280504909,0.0362747314867,0.0725057647963,0.0662491103203,
620,0.0511653813196,0.0729196556671,0.0702102803738,0.0456585365854,0.0605753138075,0.0702805049088,0.036243767313,0.0730716463415,0.0665865724382,
630,0.0511653813196,0.0731672597865,0.0704875148633,0.0457508650519,0.0606158663883,0.0704407713499,0.0362133775567,0.0734795763994,0.0670035087719,
640,0.0511653813196,0.0735426958363,0.0708352941176,0.0458596973865,0.0604902962206,0.0705691056911,0.0362397820163,0.0738184546137,0.0673101045296,
650,0.0511653813196,0.0736764705882,0.0710196987254,0.0459208731241,0.0605279187817,0.0705818673884,0.0361987041037,0.0740208488459,0.0676970954357,
660,0.0511653813196,0.0740072992701,0.0710069444444,0.0459797297297,0.0604531722054,0.0706896551724,0.0361940298507,0.0744715447154,0.0679601648352,
670,0.0511653813196,0.0741626464507,0.0707191780822,0.046001344086,0.0603441494592,0.0707022106632,0.0362665256478,0.0747322083639,0.0681053351573,
680,0.0511653813196,0.0743619322278,0.0705869074492,0.0460348292029,0.0604757281553,0.0707731958763,0.0362828601472,0.0750254916242,0.0681097560976,
690,0.0512280701754,0.0745788043478,0.0703455964326,0.046044973545,0.0605135658915,0.0709238451935,0.0362283918282,0.0751991310644,0.0681461434371,
700,0.0514432989691,0.0749254790632,0.0706032482599,0.0461158657011,0.0604322766571,0.0711485642946,0.0362122788762,0.0754565061107,0.0681409395973,
710,0.0516062992126,0.0750916784203,0.0706812933025,0.0461823361823,0.06036121673,0.071260815822,0.0361953727506,0.0756531049251,0.0681703260146,
720,0.051875,0.0752170868347,0.0709677419355,0.0462296243799,0.060328022493,0.0712669126691,0.0361826577732,0.0759673990078,0.0681390728477,
730,0.0520295489891,0.0754343293954,0.071124260355,0.0462244177841,0.0603435468895,0.071312272175,0.0361733400912,0.0761381254405,0.0682429784455,
740,0.0520295489891,0.0755532503458,0.0713647058824,0.0462183098592,0.0603287671233,0.0713373493976,0.0361760242792,0.0763216783217,0.06826171875,
750,0.0520295489891,0.0757671232877,0.0715214866434,0.0462482566248,0.0603734061931,0.0712781065089,0.0361468812877,0.0765371269951,0.0682372002592,
760,0.0520198170732,0.0759375,0.0715437788018,0.0462698961938,0.0602428057554,0.0712647754137,0.0361377245509,0.0767379310345,0.0681362467866,
770,0.0520295489891,0.0760350640593,0.0713714285714,0.0463041982106,0.0601868327402,0.0710035005834,0.0361075161772,0.0769288645691,0.0681297709924,
780,0.0520295489891,0.0761099932931,0.0711698537683,0.0463679890561,0.0603236797274,0.0710012062726,0.0360839506173,0.0772097759674,0.0681103360812,
790,0.052018278751,0.0763455149502,0.0709354120267,0.0464538043478,0.0605480607083,0.0709642857143,0.0360901518863,0.0773602693603,0.0679924480806,
800,0.0520295489891,0.0764775725594,0.0704290429043,0.0465472972973,0.0606260434057,0.070875739645,0.0360525036461,0.0774581939799,0.0678464419476,
810,0.0521545319465,0.0765573770492,0.0701523394995,0.0465927419355,0.0607717842324,0.0708173690932,0.0360857005296,0.0776376907764,0.067599009901,
820,0.0522707100592,0.0765602605863,0.0698711063373,0.0465773610181,0.0608234295416,0.0709734513274,0.0360972088547,0.0778011849901,0.0674494175353,
830,0.0522720588235,0.0764679196371,0.0697234042553,0.0466203703704,0.0609024390244,0.0711668757842,0.0360371075167,0.0778678875082,0.0673479318735,
840,0.0522720588235,0.0763005780347,0.0698854166667,0.0466314398943,0.0611209677419,0.0712935323383,0.0360380047506,0.0778492527615,0.0672151898734,
850,0.0523132704859,0.076269791007,0.0698969072165,0.0465622961513,0.061214057508,0.0712978986403,0.0360628812764,0.0777993527508,0.0670202622169,
860,0.0523132704859,0.0762962962963,0.0699279835391,0.0466062176166,0.0612946783161,0.0712942612943,0.0360974477958,0.0776570680628,0.0669230769231,
870,0.0523132704859,0.0763050216987,0.0699696356275,0.0466430868167,0.0613812154696,0.0713454545455,0.0361333333333,0.077706302794,0.0669015725102,
880,0.0523132704859,0.0763197026022,0.07,0.0466688061617,0.0615475255302,0.0713422007255,0.0361935189411,0.0776703439325,0.0668935427574,
890,0.0522937771346,0.0763603164942,0.0701189296333,0.046626429479,0.0618969555035,0.0713506815366,0.0362295825771,0.077618159204,0.0668760806916,
900,0.0523132704859,0.0765277777778,0.0701962708538,0.0466287878788,0.0623661753297,0.0713452380952,0.0362443642922,0.0776314162028,0.0667828571429,
910,0.0523132704859,0.0766148325359,0.0703501945525,0.0466186252772,0.0626291441789,0.0713831089351,0.0363400447427,0.0775948592411,0.0667720090293,
920,0.0523132704859,0.0766527196653,0.0703667953668,0.0467327823691,0.0628965517241,0.0714181818182,0.0363798484173,0.0778060606061,0.0667265581134,
930,0.0523132704859,0.0766902237927,0.0703275529865,0.0467289719626,0.0632240853659,0.0713768115942,0.036389748122,0.0778824235153,0.0665719063545,
940,0.0522720588235,0.0766940692895,0.0703771929825,0.0467391304348,0.0636012130402,0.0713978494624,0.0364499121265,0.0779595478882,0.0665126512651,
950,0.0523132704859,0.0766627974463,0.0705647263249,0.046751626898,0.0638960060286,0.0712826603325,0.0365093927479,0.077966706302,0.0665057597367,
960,0.0523265306122,0.0768029953917,0.0706163194444,0.0466972477064,0.0639714714715,0.0710470588235,0.036529105126,0.0780176470588,0.0663453159041,
970,0.0523265306122,0.0768993135011,0.0706529209622,0.046664882227,0.0641822255414,0.0709207459207,0.0365138408304,0.0780422039859,0.0660930735931,
980,0.0523265306122,0.0768932038835,0.0707881355932,0.0466098081023,0.06429844098,0.0707497116494,0.0364667817084,0.078025477707,0.065811827957,
990,0.052316576087,0.0767897727273,0.0708347386172,0.0465623342175,0.0644641537324,0.0707151979566,0.0364282655246,0.0781713628522,0.0655472504004,
1000,0.0523265306122,0.0767231638418,0.070918196995,0.0466812465828,0.0646911764706,0.0709974747475,0.0364773208987,0.0782695602513,0.0652838196286,
1010,0.0523265306122,0.0766160764474,0.0710853355427,0.0466937826845,0.0648023426061,0.0711292346299,0.0365094736842,0.0782648401826,0.0650421940928,
1020,0.0523265306122,0.0764469273743,0.0712006578947,0.0468263127525,0.0649635568513,0.0712173913043,0.0366192468619,0.0781575963719,0.0647798742138,
1030,0.0523265306122,0.0764408661855,0.0713224489796,0.0469323394495,0.065152394775,0.0712237330037,0.036637463496,0.0780877390326,0.0646089676747,
1040,0.0523265306122,0.076488128106,0.0714181523501,0.0470420932878,0.0652167630058,0.0713064713065,0.036608478803,0.0781392694064,0.0644865145228,
1050,0.0522267206478,0.0765477497256,0.071673212883,0.0470724801812,0.0654820143885,0.0713317191283,0.0365591397849,0.0781435079727,0.0643688820196,
1060,0.0522935153584,0.0766374589266,0.0721496062992,0.0471251409245,0.065605734767,0.0713301088271,0.0365199506376,0.078066893424,0.0643114080164,
1070,0.0523265306122,0.0766830065359,0.0724432263117,0.047228443449,0.0656908831909,0.0712485136742,0.0365034679723,0.0780663293985,0.0642404092072,
1080,0.0522935153584,0.0767209554832,0.0727570093458,0.047355233853,0.0657730496454,0.0711862396204,0.0364940888708,0.0780337078652,0.0641242362525,
1090,0.0523265306122,0.0767586580087,0.0730751355538,0.047397336293,0.0659421312632,0.0710105757932,0.0365236746257,0.0779631696429,0.0640293968576,
1100,0.0523265306122,0.0768010752688,0.0733307632999,0.0474585635359,0.0660533707865,0.0708720930233,0.0365660225443,0.0779030501089,0.0639001009082,
1110,0.0522779661017,0.0769020866774,0.0736838066002,0.0475192943771,0.0661021693492,0.0708142493639,0.0365515857086,0.0779446854664,0.0637569060773,
1120,0.0522401073105,0.0768833244539,0.0739923664122,0.0475041231446,0.0661463414634,0.0709021922428,0.0365565286624,0.077975161987,0.0636936936937,
1130,0.0522222222222,0.076887944769,0.0740670220868,0.0475109170306,0.0661795407098,0.0709121338912,0.0366073546856,0.0780053908356,0.0635710723192,
1140,0.0520930232558,0.0769088016967,0.0742803030303,0.0474782135076,0.0663285024155,0.0709400998336,0.0366457187745,0.0780588235294,0.0634575260805,
1150,0.0518865435356,0.076863780359,0.0744679245283,0.0474457700651,0.066456043956,0.0710016556291,0.0366562377786,0.0780715811966,0.0633366336634,
1160,0.0517212041885,0.0768349106204,0.0746021021021,0.0474582660205,0.0664774281806,0.071157635468,0.0366886390074,0.0780424403183,0.0632511100148,
1170,0.0516007653061,0.0768308014667,0.074794315632,0.0475,0.0665146358067,0.0712326530612,0.0368066255778,0.0780995235574,0.0631483300589,
1180,0.0516058861164,0.0767903815996,0.0751005212211,0.0475253874933,0.0666621530129,0.0713068181818,0.0368553940321,0.0780728616684,0.0630690161527,
1190,0.0516058861164,0.076690984888,0.075178041543,0.0474920127796,0.0667430883345,0.0713511326861,0.0368783269962,0.0780378748027,0.0629580896686,
1200,0.0515501905972,0.0765631469979,0.0753215077605,0.0474854111406,0.0667986577181,0.0713987138264,0.0369698113208,0.0780209973753,0.062859223301,
1210,0.051351010101,0.0766134020619,0.075530191458,0.0474749075541,0.0668403473614,0.0714136546185,0.0370371761172,0.0780083638265,0.062735621073,
1220,0.0512406015038,0.0766700924974,0.0757184750733,0.0474632352941,0.0668816489362,0.0714354066986,0.0371087037729,0.0779650238474,0.0626179018287,
1230,0.0510503418272,0.0766547131148,0.0757925493061,0.04743051914,0.0670389953734,0.0714785373609,0.0371991084695,0.0779565907888,0.0624868231912,
1240,0.0509641532756,0.0766055979644,0.0759752547307,0.0474112734864,0.0671381578947,0.071875,0.0372425249169,0.0779419525066,0.0623950381679,
1250,0.0508164518109,0.0766412988331,0.07609862219,0.0473544698545,0.067254259502,0.0721355397951,0.037293426368,0.0779096045198,0.0622755344418,
1260,0.0507758094075,0.0766666666667,0.0762058823529,0.0473122734335,0.0672703583062,0.0726274509804,0.0373601462523,0.0779282051282,0.0621817321344,
1270,0.0506783767414,0.0767388022144,0.0763616398243,0.0472769468798,0.06728515625,0.0728883684621,0.0374017467249,0.0779100664282,0.0620452403393,
1280,0.0507610520425,0.0769824561404,0.076458781362,0.0472036942022,0.0672445019405,0.0731623931624,0.0373909883721,0.0778767820774,0.0618817456593,
1290,0.0509308807135,0.0771592611083,0.0766452533904,0.0471530612245,0.067198969736,0.0734261407579,0.0374072740367,0.0778766430738,0.061681457263,
1300,0.0509399332592,0.0772346786248,0.0767852062589,0.0471043256997,0.0670422535211,0.0736517719569,0.0374219030521,0.0779325955734,0.0614869888476,
1310,0.0509399332592,0.0772189054726,0.0768417317246,0.0470400405474,0.067010178117,0.0739524174981,0.0374253200569,0.0781203007519,0.061308973173,
1320,0.0509834254144,0.07729743083,0.0769187279152,0.0469898989899,0.0670328947368,0.0742125382263,0.0374502840909,0.078307538692,0.0610906580764,
1330,0.0511680440771,0.0773510585918,0.0770443349754,0.0469552088576,0.067129750983,0.0744935262757,0.0374701335207,0.0784783689707,0.0609215955983,
1340,0.0512527472527,0.0774644433546,0.0771745350501,0.0468956870612,0.0670971950424,0.0746241457859,0.0375061124694,0.0785012406948,0.0607667731629,
1350,0.0512993421053,0.0774963325183,0.0773414112616,0.0468765617191,0.0670900842515,0.0747348484848,0.0375520833333,0.0784935579782,0.0606224443435,
1360,0.0512993421053,0.0775244140625,0.0774644886364,0.0467878486056,0.0671049222798,0.0749698340875,0.0375517955801,0.0784945705824,0.0604161013116,
1370,0.0512993421053,0.0776587493941,0.0775265768958,0.0466964285714,0.0670024570025,0.0750788880541,0.0375815870835,0.0786234021632,0.0602522522523,
1380,0.0512993421053,0.0776871076775,0.077563559322,0.0465974282888,0.0670219244823,0.0752020958084,0.0376104073947,0.0787408133268,0.0600717488789,
1390,0.0512993421053,0.0777082330284,0.0777388316151,0.0465155248891,0.0670691747573,0.0753840417599,0.0375845575675,0.0787841796875,0.0599196428571,
1400,0.0512993421053,0.0776923076923,0.0778684030158,0.04647029946,0.067156626506,0.0756208178439,0.0375482560108,0.0789164237123,0.059853202847,
1410,0.0512972085386,0.0776470588235,0.0779467939973,0.0463814180929,0.0672182254197,0.0757925925926,0.037537891546,0.0789631782946,0.0597342781222,
1420,0.0512993421053,0.0782536846807,0.0780163043478,0.0463237445149,0.0672738095238,0.0758906134516,0.0376046901173,0.0789676796913,0.059642699603,
1430,0.0512993421053,0.0781988408382,0.0781345353675,0.0462408936377,0.067325029656,0.0759837877671,0.0376241252916,0.0789643545279,0.0594955109021,
1440,0.0512972085386,0.0780781180648,0.0781617138908,0.0462003872217,0.0673286052009,0.0762114537445,0.0376411960133,0.078948374761,0.0594651952462,
1450,0.0512993421053,0.0780653710247,0.0782425913163,0.0461610968295,0.067348973607,0.0763616398243,0.0376862228082,0.0789742366412,0.0594623200677,
1460,0.0512972085386,0.0779973591549,0.0784420041181,0.046197119712,0.0673641145529,0.076449963477,0.0377180327869,0.0789890840057,0.0594949494949,
1470,0.051273920175,0.077899122807,0.0785499316005,0.0462286995516,0.0673951048951,0.0765429403202,0.0377464788732,0.0789658444023,0.0594951619689,
1480,0.0512527472527,0.0779519145147,0.0786289222374,0.0462684563758,0.067387283237,0.0766690856313,0.0378170613039,0.0789510818438,0.0594470046083,
1490,0.0512993421053,0.07873885918,0.0786820652174,0.0463195371607,0.0674208405296,0.0768089725036,0.0378647686833,0.0789525598873,0.0594326241135,
1500,0.0512993421053,0.0787349665924,0.0787618403248,0.046326077299,0.0675315005727,0.0768925739005,0.0378906752412,0.0789362699157,0.059389281263,
1510,0.0512993421053,0.0787026304057,0.0787929871881,0.046385329209,0.0675899486008,0.077033045977,0.037936,0.0788940737284,0.0593052109181,
1520,0.0512993421053,0.0786509349955,0.0788231338265,0.0464040492958,0.0676574021554,0.0770967741935,0.0380452806122,0.0789258555133,0.0592164948454,
1530,0.0512972085386,0.0785473870682,0.078828647925,0.0464072119613,0.0676953567384,0.07725,0.0380749682338,0.07893314367,0.0591536565325,
1540,0.0512568306011,0.0784893992933,0.07906,0.0463902226102,0.0676593344614,0.077409252669,0.0381107594937,0.0788883632923,0.0591295463833,
1550,0.0511982570806,0.079367201426,0.0790745672437,0.0463968668407,0.0676473891072,0.0775301632363,0.038130517024,0.0789411764706,0.0591112922951,
1560,0.0511739130435,0.0793452115813,0.0791859695566,0.0463754889179,0.067619047619,0.0776291578202,0.0381407035176,0.0789557855127,0.0591477272727,
1570,0.0511099079589,0.0792590949423,0.0792007926024,0.0464233241506,0.067621440536,0.0776607773852,0.0381772627623,0.0792083712466,0.0591561866126,
1580,0.0510913019989,0.0791957578436,0.0792570677186,0.0464311926606,0.0675083426029,0.0777253521127,0.0381781376518,0.0808515381186,0.0591565778854,
1590,0.0510813704497,0.0791637323944,0.0792247043364,0.0464840182648,0.0674899942824,0.077808988764,0.038182665424,0.0809005795809,0.0591670020121,
1600,0.0512449186992,0.0791184210526,0.0792096668844,0.0465789473684,0.0675085324232,0.0778696566223,0.038166047088,0.0809119217082,0.0591663326653,
1610,0.0512924480487,0.078995194408,0.0791411841249,0.0466108597285,0.0675950085082,0.077976273552,0.0381717451524,0.0808177777778,0.0591703230953,
1620,0.0513012658228,0.0788903394256,0.079046692607,0.0466230838593,0.0675735294118,0.0781502086231,0.0381938055811,0.0807569721116,0.0592344307814,
1630,0.0513803526448,0.0787467476149,0.0790247252747,0.0466846119336,0.0675774647887,0.0781900138696,0.0382034830431,0.080731277533,0.0592350376536,
1640,0.0513832997988,0.0785578583765,0.0792134062927,0.0467158836689,0.0675422343324,0.0783183391003,0.038215590743,0.0806546572935,0.0592298624754,
1650,0.0514558232932,0.0784423407917,0.0792842535787,0.0467276785714,0.0675311991319,0.0783597518952,0.038233151184,0.0805738063951,0.0592440266353,
1660,0.0515815815816,0.078347639485,0.0793342391304,0.0467378727192,0.067512195122,0.0784673539519,0.0382290722273,0.0805017452007,0.0592298670837,
1670,0.0516625062406,0.0782612211888,0.0793906567366,0.0467565178966,0.0674486486486,0.0786301369863,0.0382096725743,0.080846325167,0.0592292796282,
1680,0.0517521154803,0.0784534836891,0.0794466936572,0.0467770419426,0.0673800539084,0.0787645051195,0.0382085080887,0.0807685473123,0.0592429509463,
1690,0.0517830609212,0.078546184739,0.0794605529332,0.0467850877193,0.0674020397209,0.0788359428182,0.0382040572792,0.0806802120141,0.0592050691244,
1700,0.0518320987654,0.0787835134054,0.0794959677419,0.0467952652345,0.067459807074,0.0788805970149,0.0381826293873,0.0806646126761,0.0592022900763,
1710,0.0518598914652,0.0788423153693,0.0795183946488,0.0467380848273,0.0674531835206,0.0789587559162,0.0381785925488,0.080632967033,0.0592506656523,
1720,0.0518598914652,0.0791205730203,0.0796666666667,0.0467507612005,0.0674440894569,0.0790161725067,0.0382086034178,0.0805781865966,0.059221420433,
1730,0.051858974359,0.0795755652519,0.0797201865423,0.046747826087,0.0674774296336,0.079037037037,0.0381826189078,0.0804759825328,0.059202268431,
1740,0.0518598914652,0.0799090549624,0.0798279285242,0.046698440208,0.0674734607219,0.0790805369128,0.0381680280047,0.0803916449086,0.0591789077213,
1750,0.0518598914652,0.0803113914072,0.0798548812665,0.0466796200345,0.0674338624339,0.0790981963928,0.0381529959279,0.0802515177797,0.0590697674419,
1760,0.0518598914652,0.0806281900275,0.0798553583169,0.0466896254843,0.0674459102902,0.0792676431425,0.0381542461005,0.0801123595506,0.0590056074766,
1770,0.0519091348478,0.080985915493,0.0799014454665,0.046675235647,0.0674,0.0793284574468,0.038163735947,0.0800043103448,0.0589505024191,
1780,0.0519614457831,0.0813133281372,0.0798955613577,0.0467122117848,0.0673897058824,0.0793911317009,0.0381499569089,0.0799958053691,0.0588542825362,
1790,0.0519614457831,0.0815766990291,0.0798244473342,0.0467292110874,0.067338920901,0.0794788918206,0.0381430615165,0.0800291423813,0.0588026607539,
1800,0.0519636015326,0.0817840557276,0.0797146562905,0.0467699490662,0.0673263707572,0.0795069033531,0.0381502561184,0.0800415454923,0.0587237955131,
1810,0.0519636015326,0.0819514076359,0.0796136509981,0.046783749471,0.0673225469729,0.0795603674541,0.0381106382979,0.0806205357143,0.0586605504587,
1820,0.0519636015326,0.0821137586472,0.0795958948044,0.0467849598648,0.0672982821447,0.0795166557805,0.0380568053993,0.0806291834003,0.0585886654479,
1830,0.0519636015326,0.0823009188361,0.0795729764181,0.0467705263158,0.0672821576763,0.079556714472,0.038048301039,0.0805293594306,0.0585021865889,
1840,0.0519636015326,0.0824647081267,0.0795936507937,0.0467617449664,0.0672576464489,0.0794935064935,0.0380439010836,0.0804825143869,0.0584562295677,
1850,0.0519636015326,0.0826537585421,0.0796270543616,0.0467569820759,0.0672130299897,0.0795275590551,0.0380471567268,0.0806270358306,0.0583761301989,
1860,0.0519636015326,0.0828344671202,0.0796605908234,0.046726364015,0.0671841155235,0.0794970607446,0.0379950358522,0.0808076298701,0.0583159033538,
1870,0.0519528619529,0.0830199323054,0.0796622889306,0.0466818936877,0.0671472708548,0.079517601043,0.037573550014,0.0809550789154,0.0582319255548,
1880,0.0519636015326,0.0832172284644,0.0796695760599,0.0466581539584,0.067112024666,0.0794805194805,0.0375966386555,0.0811496571198,0.0583784746971,
1890,0.0519528619529,0.0834539350988,0.0796954630205,0.0467005813953,0.0670066632496,0.0794837855725,0.0375650969529,0.0813062700965,0.0585658501952,
1900,0.052201023732,0.0836120401338,0.0796600741656,0.0467632150615,0.066964741952,0.0795643564356,0.0375393537697,0.0814079422383,0.0586991869919,
1910,0.0527504638219,0.0838142804292,0.079680196802,0.0467583212735,0.0669505354411,0.0795984200132,0.0374524495677,0.081631347461,0.058823943662,
1920,0.0539274230593,0.0839513453741,0.0797249388753,0.0467410875045,0.0669289340102,0.0796128608924,0.0374406634258,0.0818620414673,0.0589301999298,
1930,0.0539274230593,0.0840815576782,0.0798660170524,0.0467872492837,0.0669168356998,0.0796590163934,0.0374402050114,0.0821343402226,0.0590283117791,
1940,0.0539274230593,0.0841916605706,0.0799090909091,0.0467632331903,0.066851945427,0.079628422425,0.037438087105,0.0826267828843,0.0591225626741,
1950,0.0539274230593,0.0842836310609,0.0799216395419,0.0467390530438,0.0668113017154,0.0796482084691,0.0374271157656,0.0828932806324,0.0591600138841,
1960,0.0539274230593,0.0843313953488,0.0799158653846,0.0467529244949,0.0667655935614,0.07961064244,0.0374134534196,0.0833582677165,0.0592459356624,
1970,0.0539274230593,0.0843582306019,0.0799940155595,0.0468115942029,0.0667251755266,0.0794709677419,0.0374131165919,0.0836317235964,0.059275862069,
1980,0.0539274230593,0.0843867243867,0.0799582089552,0.0469038393801,0.0667083541771,0.0794799210007,0.0373976037894,0.0839906103286,0.0593213916638,
1990,0.0539174311927,0.0844248741912,0.0799525504152,0.0469603369603,0.0667248255234,0.0795332018409,0.0373609958506,0.0842940717629,0.0591895604396,
2000,0.0538655077768,0.0844647332617,0.0800059066745,0.0470689052116,0.0668009950249,0.0795493300853,,0.0845451010886,0.0590585415953,
2010,0.0539274230593,0.0846414555833,0.080011778563,0.0471573072899,0.0668765493307,0.0796109422492,,0.0847558139535,0.0589385665529,
2020,0.0539046746104,0.0847690120824,0.0799882422105,0.0471736111111,0.066978239367,0.0796733212341,,0.0849613601236,0.0590277777778,
2030,0.0539274230593,0.0849327671621,0.0799416228838,0.04723183391,0.0670384995064,0.0796871239471,,0.0850808936826,0.0591225109686,
2040,0.0539174311927,0.0850264363765,0.0799534071054,0.0472887202484,0.0670310192024,0.0796940611878,,0.0852574942352,0.0591714381947,
2050,0.0539274230593,0.0851070551071,0.0800580720093,0.0473314993122,0.0671021611002,0.0797909199522,,0.0853713629403,0.0591495901639,
2060,0.0539174311927,0.0851783216783,0.0801271676301,0.0473669756265,0.0671400587659,0.0797792362768,,0.0855475009538,0.0592477876106,
2070,0.0539274230593,0.0853207810321,0.0801900921659,0.0473381294964,0.0671980440098,0.0797390272835,,0.0856958174905,0.0594540522211,
2080,0.0539274230593,0.0854254949635,0.0802182653647,0.0472996931469,0.0671929824561,0.0797692307692,,0.0858393330807,0.0596081081081,
2090,0.0539174311927,0.085452653486,0.080246277205,0.0473480475382,0.0672616731518,0.0798349056604,,0.0860294117647,0.0597272727273,
2100,0.0539046746104,0.0854551724138,0.0801943967982,0.0474314720812,0.0673181377304,0.0798589065256,,0.0862133734035,0.059845689366,
2110,0.0539274230593,0.0855055020633,0.0801368301026,0.0475514333895,0.0673730043541,0.0798531139835,,0.0864010475122,0.060006684492,
2120,0.0539174311927,0.0855658436214,0.0801191827469,0.0476672268908,0.0674372586873,0.0798476859988,,0.0865572547557,0.0601598934044,
2130,0.0539274230593,0.0856170940171,0.0801019252548,0.0477714477212,0.0674481427882,0.0798251748252,,0.0867670011148,0.0603980099502,
2140,0.0539174311927,0.0856646216769,0.0801186440678,0.0478531073446,0.0674843975036,0.0798663567693,,0.0869788967049,0.0606210769739,
2150,0.0538655077768,0.0857730207271,0.0800902425268,0.0480172128434,0.0675347056008,0.0799594202899,,0.0871265215788,0.0607603686636,
2160,0.0539274230593,0.0858691968824,0.080033632287,0.048169525066,0.0675680840898,0.0800288683603,,0.0872526664215,0.0609868852459,
2170,0.0539174311927,0.0858783783784,0.0800168067227,0.0483667433454,0.0675476190476,0.080086306099,,0.0873717008798,0.0611085141903,
2180,0.053881006865,0.0858873144399,0.0800279485746,0.0484582651391,0.0675511174513,0.0801265094882,,0.0874734917733,0.0613140385895,
2190,0.0538566864445,0.0858970043756,0.0800223214286,0.0485607049608,0.0675698720985,0.0801659038902,,0.087553773241,0.0615540092777,
2200,0.0538444040036,0.0858912386707,0.0800333889816,0.0486113821138,0.0675897920605,0.0801372212693,,0.0875925925926,0.0618361955086,
2210,0.0538196647032,0.085841152815,0.0800222222222,0.0486904376013,0.067581483231,0.0800403923832,,0.0876276711336,0.0620796314577,
2220,0.0538179347826,0.08586,0.080055401662,0.0487847446671,0.0675928537847,0.0801092581944,,0.0876249094859,0.0622681088168,
2230,0.0538267148014,0.0859394745594,0.0800884466556,0.0488752819852,0.0676054358013,0.0801489971347,,0.0876790212307,0.0624330502939,
2240,0.0538305543037,0.0859701492537,0.0801160220994,0.0489460154242,0.0676344086022,0.0801603665521,,0.0877323286688,0.0625618489583,
2250,0.0538129496403,0.0859675818723,0.0801432506887,0.0490708106376,0.0676539179104,0.0800913763564,,0.0878047908473,0.0627361246349,
2260,0.0537685060565,0.0859841479524,0.0801978021978,0.049188239054,0.0676640297813,0.0800398633257,,0.0878866714184,0.0628284789644,
2270,0.0537181208054,0.0859617288024,0.0801973684211,0.0492508766337,0.0676651162791,0.0799545970488,,0.088046875,0.0629364311068,
2280,0.0536696428571,0.0859395532194,0.0801863013699,0.0493449920509,0.0676576994434,0.0800522041763,,0.0881457891012,0.0630083655084,
2290,0.0536080178174,0.0859553512804,0.0801805251641,0.0494225888325,0.0676478743068,0.0800695249131,,0.0882686882934,0.0631161745828,
2300,0.0537402061856,0.0859404645077,0.0801529219006,0.0494683544304,0.0676291512915,0.0801614763552,,0.0883831282953,0.0633034571063,
2310,0.0537402061856,0.0859413680782,0.0801416893733,0.0494977890082,0.0676183908046,0.0802298850575,,0.0884558823529,0.0633535611626,
2320,0.0539285714286,0.085961038961,0.0802065217391,0.0494960629921,0.0675849403122,0.080252293578,,0.0885235602094,0.0634342147181,
2330,0.0539516789517,0.0859889932017,0.080217037439,0.0495259026688,0.0675789473684,0.0802745995423,,0.0886490250696,0.0634806102988,
2340,0.0539541547278,0.0860084033613,0.0802490525176,0.0495552771688,0.0675811614083,0.0802170188464,,0.0887751561416,0.063589093215,
2350,0.0544602851324,0.0859896840748,0.0802485143166,0.049556665626,0.067528499772,0.0801424501425,,0.0888049878767,0.0636084756483,
2360,0.0547032520325,0.0859646302251,0.0802750809061,0.0495672478207,0.0674908925319,0.0800625,,0.0887966804979,0.0636504424779,
2370,0.0548092532468,0.0859166666667,0.0803119956966,0.0495767195767,0.0674432334242,0.0801267281106,,0.0888372893017,0.0636532410321,
2380,0.0549716828479,0.0858727621483,0.0803168635875,0.0495881077733,0.0673810602628,0.0801663798049,,0.0888747855918,0.0637245058048,
2390,0.0551392813888,0.0858722843976,0.0802841823056,0.0496101485149,0.0673463554073,0.0801604584527,,0.0889227086183,0.0637973099781,
2400,0.0553521126761,0.0858568614576,0.0802835741038,0.0496145544249,0.06753714543,0.0800971983991,,0.0889480874317,0.0638814352574,
2410,0.0555502008032,0.0858336174565,0.0803146666667,0.0496001230391,0.0678985181859,0.0800570450656,,0.0890095302927,0.0639414694894,
2420,0.0557966373098,0.0858563159687,0.0803194888179,0.0496076026977,0.0680376344086,0.0799545196134,,0.089083503055,0.0639770257684,
2430,0.0559520958084,0.0858873430607,0.0803299627461,0.049608801956,0.0689011962782,0.0799602949518,,0.0891534033187,0.0639863819251,
2440,0.0561066878981,0.0859634270234,0.0803133297929,0.049602932193,0.0688761061947,0.0800229753016,,0.0891880920162,0.064030265596,
2450,0.0561066878981,0.0860486322188,0.0802916224814,0.0495857447457,0.068821192053,0.0800573065903,,0.0892115902965,0.0640868493994,
2460,0.0561821782178,0.0860761199057,0.0802805717311,0.04957472661,0.0687862796834,0.0800687285223,,0.0892258498822,0.0641277641278,
2470,0.0562049861496,0.0860887096774,0.0802591221576,0.0495636363636,0.0687966622749,0.0800171428571,,0.0892542828351,0.0641753525445,
2480,0.0562278281435,0.0860906040268,0.0802692713833,0.0495320048309,0.0687746170678,0.0799429874572,,0.089259383378,0.0641939431019,
2490,0.0562563900904,0.0860824396783,0.080253164557,0.049527677497,0.0687707786527,0.0798600223964,,0.0892477432297,0.0642047531993,
2500,0.0562955703646,0.0860414577065,0.0802210526316,0.0495135135135,0.0687483645879,0.0798808848554,,0.08924,0.0642052375152,
2510,0.0562978889758,0.0860312707917,0.0802418506835,0.0494727381666,0.0687548976926,0.0798189020939,,0.0892238507662,0.0641987276583,
2520,0.0563522992985,0.0860810362006,0.0802469784551,0.0494562294592,0.0686576889661,0.0797741389046,,0.0891924227318,0.0642356495468,
2530,0.0564452214452,0.0861436610394,0.0802045097011,0.0494112399643,0.068604247941,0.0797611111111,,0.0891481604243,0.0642620481928,
2540,0.0564454792394,0.0861627522329,0.0801728653745,0.0494339063426,0.0685813148789,0.0797340720222,,0.0891101554747,0.0642758413462,
2550,0.0565239197531,0.0861680395387,0.0801673640167,0.0494401658768,0.0685418464193,0.0797682119205,,0.0890462046205,0.0642698650675,
2560,0.0565321030373,0.0861763738072,0.0801409921671,0.0494522968198,0.0684761084804,0.0798071625344,,0.08899571946,0.0642737346511,
2570,0.0565912576687,0.0861515748031,0.0800886339937,0.049458664313,0.068397766323,0.0798294829483,,0.0889290407359,0.064247761194,
2580,0.0566959847036,0.0861624099542,0.0800729546639,0.0494424882629,0.0683319039451,0.0798846787479,,0.0888950819672,0.064256395003,
2590,0.0568166221883,0.0861583769634,0.0800679941719,0.0494426612197,0.0682841249465,0.0799013157895,,0.088841383812,0.0642476303318,
2600,0.0568621477532,0.0861390339426,0.0801400414938,0.0494371536891,0.0682322130074,0.0798960043788,,0.0888290932811,0.0642641843972,
2610,0.0568628940372,0.0861513478402,0.0801397515528,0.0494692575406,0.0682020026121,0.0798851203501,,0.0887902439024,0.0642625368732,
2620,0.0568669690098,0.0861428571429,0.0801911157025,0.0495026026605,0.0681920903955,0.0798633879781,,0.0887479727538,0.0642264705882,
2630,0.0568832640725,0.0861518578352,0.0801909184727,0.0495030338053,0.0681266261925,0.0798662012798,,0.0886990291262,0.0642105263158,
2640,0.0568832640725,0.0861791237113,0.0801906158358,0.0494900605013,0.0681141868512,0.0798837884951,,0.088596321394,0.0642122186495,
2650,0.0568832640725,0.0861825192802,0.0802000976086,0.0494691535151,0.0680707811826,0.0799072463768,,0.088536036036,0.0641812354312,
2660,0.0568731117825,0.0861758100738,0.080199513382,0.049459382151,0.068023255814,0.07997686524,,0.0885017645172,0.0642132715155,
2670,0.0568832640725,0.0861434977578,0.0802667313288,0.0494623963397,0.0687322064057,0.0800288350634,,0.0884585865046,0.0642207415991,
2680,0.0568832640725,0.0861143039591,0.0802906976744,0.0494471359362,0.0687116836961,0.0800461095101,,0.0884136610278,0.0642027729636,
2690,0.0568832640725,0.0860852959898,0.0803047895501,0.0493977272727,0.068677905945,0.0800807381776,,0.0883601804124,0.0642031070196,
2700,0.0568700564972,0.0860660946934,0.0803216374269,0.0494154193731,0.0686144311642,0.0801035077631,,0.0883445837351,0.0641855788567,
2710,0.0568621477532,0.085996198923,0.0803466538276,0.0494011807703,0.0686016762241,0.0801263641585,,0.0883130211674,0.0641723940435,
2720,0.0568628940372,0.0859254579912,0.0803498542274,0.0494257703081,0.0685934744268,0.0800687285223,,0.088279054917,0.0641450185555,
2730,0.0568669690098,0.0858601134216,0.0803307766059,0.0494260918253,0.0685846153846,0.0800289519398,,0.0882801899593,0.0641007398976,
2740,0.0568832640725,0.0857412060302,0.0803338171263,0.0494088120468,0.0685570175439,0.0800981524249,,0.0882882273342,0.0640672696439,
2750,0.0568832640725,0.0857044458359,0.0803473227207,0.0493647711512,0.0685632939115,0.0801266551526,,0.0883051991897,0.064062676454,
2760,0.0568832640725,0.0855881435257,0.0803881048387,0.0493082149475,0.0685470459519,0.0801494252874,,0.0883350185372,0.0640208216095,
2770,0.0568716981132,0.0855272161742,0.0805032712632,0.0493154486586,0.0685508511567,0.0801262916188,,0.0883260357023,0.0639865433137,
2780,0.0568669690098,0.0854666666667,0.0805628140704,0.0492991085152,0.0685353095031,0.0800458190149,,0.0882762096774,0.0639631593637,
2790,0.0568832640725,0.0853910355487,0.0806121424987,0.0493041079093,0.0685347826087,0.0799942889777,,0.0882696177062,0.0638264738598,
2800,0.0568716981132,0.0853156760086,0.0807014028056,0.0493178342001,0.0685026041667,0.079937357631,,0.0882158369529,,
2810,0.0568660647103,0.0852702702703,0.0807503751876,0.0493225511138,0.0684662045061,0.0799487763233,,0.0882555036691,,
2820,0.0568832640725,0.0852083333333,0.08075,0.0493148599269,0.0684299307958,0.0798977853492,,0.088309484193,,
2830,0.0568731117825,0.0851695692026,0.0807588617074,0.0493197692074,0.0683765112263,0.0798357870895,,0.0883455149502,,
2840,0.0568669690098,0.0851172707889,0.080748502994,0.049305429178,0.0683067643257,0.0798020361991,,0.0883427245608,0.061428146385,
2850,0.0568832640725,0.0850547112462,0.0807810945274,0.0492558983666,0.0682874354561,0.0797405527355,,0.0883620119126,0.0613590504451,
2860,0.0568832640725,0.0850181818182,0.0814004474273,0.049268512944,0.0682431271478,0.0797301854975,,0.088373015873,,
2870,0.0568700564972,0.0849561801148,0.0813998211091,0.0492631578947,0.0682032590051,0.0797024143739,,0.0883624382208,,
2880,0.056866010598,0.0848900271166,0.0814942016057,0.0492561487702,0.0681806506849,0.079686450168,,0.088354721948,,
2890,0.0568832640725,0.0848348348348,0.0814890771288,0.0492547141574,0.0681865284974,0.0796754336877,,0.0883623807958,,
2900,0.0568700564972,0.0847620472912,0.082032157213,0.0492447761194,0.068282306163,0.0796642817832,,0.088337704918,,
2910,0.0568533834586,0.08461836613,0.0820267857143,0.0491895010095,0.0683247320365,0.0796646509071,,0.088345323741,,
2920,0.0568450598802,0.084457974458,0.0821021963245,0.0491874820557,0.0684396039604,0.079676180022,,0.088352902805,,
2930,0.0568249813014,0.0843017751479,0.0820833333333,0.0491822094692,0.0685454545455,0.0796655701754,,0.0883457913552,,
2940,0.0567735919433,0.0841863207547,0.0820313199105,0.0491671436749,0.0686238170347,0.0796767123288,,0.0883695299838,,
2950,0.0567633928571,0.0840667056758,0.0819776785714,0.0491576242147,0.0687682014955,0.0796498905908,,0.0883791653187,,
2960,0.0567468499427,,0.0819295900178,0.0491431824651,0.0690816326531,0.0796521258973,,0.0883709677419,,
2970,0.0568380952381,,0.0819311578006,0.0491125602495,0.0692319749216,0.0796747519294,,0.0883757653883,,
2980,0.0568628940372,,0.0820401785714,0.049112242013,0.0693859992178,0.0797136563877,,0.0883349405336,,
2990,0.0568564920273,,0.0819982158787,0.0491126760563,0.0695745511319,0.0797417582418,,0.0883188963747,,
3000,0.056866010598,,0.0819367764915,0.0490996060777,0.0697780373832,0.079824032177,,0.0882864450128,,
3010,0.0568832640725,,0.0818977777778,0.0490919282511,0.069941702293,0.0798795180723,,0.0882726692209,,
3020,0.0568700564972,,0.0818713968958,0.0490759352317,0.0701434664599,0.0799749373434,,0.0882075772047,,
3030,0.0568597216999,,0.0823597506679,0.049070155902,0.0703328173375,0.0800550275138,,0.0881633301557,,
3040,0.0568450598802,,0.0823676012461,0.0490296645412,0.070528957529,0.08007,,0.08810082435,,
3050,0.0568387579499,,0.0823299244108,,0.0706589595376,0.0800998502247,,0.0880265654649,,
3060,0.0567823814856,,0.0823321396598,,0.070768935025,0.0800898203593,,0.0879407127089,,
3070,0.056773353182,,0.0823211091234,,0.0708787413661,0.0801393728223,,0.0879088050314,,
3080,0.0567013372957,,0.08225,,0.0709498276522,0.0801739562624,,0.0878600564794,,
3090,0.0566901408451,,0.0821800529568,,0.0710355368743,0.0801834407536,,0.0877809076682,,
3100,0.0566901408451,,0.0821654929577,,0.0710873712324,0.0801833498513,,0.0877108057464,,
3110,0.0566947073256,,0.0821689397272,,0.0712105062809,0.0802375061851,,0.0876690557806,,
3120,0.0566947073256,,0.0821052631579,,0.0712647170528,0.0802817597627,,0.0875878147342,,
3130,0.0566865148862,,0.0820822281167,,0.0713457164519,0.0803209876543,,0.0875596159802,,
3140,0.0566901408451,,0.0820543144985,,0.0714788199697,0.0803793103448,,0.0874930448223,,
3150,0.0566901408451,,0.0820244862265,,0.0715660377358,0.080374015748,,0.0874714770274,,
3160,0.0566947073256,,0.0819991270188,,0.0716258938653,0.0804127764128,,0.0874030769231,,
3170,0.0566854130053,,0.0819982585982,,0.071697333834,0.0804413928396,,0.08737262124,,
3180,0.0566947073256,,0.0819704219226,,0.0717970797454,0.0804701273262,,0.0873086344152,,
3190,0.0566841736695,,0.0819314236111,,0.0719350018678,0.0805471421593,,0.0872458015267,,
3200,0.0566538461538,,0.0818993928881,,0.0720022371365,0.080604288499,,,,
3210,0.0566337644656,,0.0818406236466,,0.072077294686,0.0806280428432,,,,
3220,0.0566474576271,,0.0817863321799,,0.0721542454579,0.0806277372263,,,,
3230,0.056645183175,,0.081701208981,,0.0722493525712,0.0806016496846,,,,
3240,0.0566474576271,,0.0816472617508,,0.0723661867848,0.080625,,,,
3250,0.0566451173869,,0.0815977605512,,0.0724852724595,0.080614714424,,,,
3260,0.0566474576271,,0.0815582115981,,0.0725789860397,0.0806425120773,,,,
3270,0.0566474576271,,0.0815347191508,,0.0726869501466,0.0806798457088,,,,
3280,0.0566451173869,,0.0815350683723,,0.0727798098025,0.0806884930188,,,,
3290,0.0566474576271,,0.0815204936095,,0.0728540145985,0.0807256126862,,,,
3300,0.0566901408451,,0.0814738231412,,0.0728987618354,0.0807012487992,,,,
3310,0.0566854130053,,0.0814499121265,,0.0729978197674,0.0806851940585,,,,
3320,0.0566947073256,,0.0815223336372,,0.0730141458107,0.0807265774379,,,,
3330,0.0566865148862,,0.0816256830601,,0.0730763662685,0.0807453416149,,,,
3340,0.0566538461538,,0.0831353282715,,0.0730730296457,0.0807717960934,,,,
3350,0.0566474576271,,0.0831339285714,,0.0730952380952,0.0807366920152,,,,
3360,0.056633931595,,0.0830762371823,,0.0730918918919,0.0807644824311,,,,
3370,0.0566474576271,,0.083024911032,,0.0731059245961,0.0807736117703,,,,
3380,0.056633931595,,0.0829675699689,,0.0730904522613,0.0808096590909,,,,
3390,0.0566091954023,,0.0829583702391,,0.0730659025788,0.0808278145695,,,,
3400,0.0565856950067,,0.0829482071713,,0.0730403715613,0.080841607565,,,,
3410,0.0565543954193,,0.0829315673289,,0.0730270655271,0.0808396226415,,,,
3420,0.0564996637525,,0.0829258605472,,0.0730391459075,0.0808047058824,,,,
3430,0.0564852150538,,0.0828810572687,,0.0730660042583,0.0807937999061,,,,
3440,0.0564580467675,,0.0828552573691,,0.073110403397,0.0808075117371,,,,
3450,0.0564288164666,,0.0827975406236,,0.0731307420495,0.08080131209,,,,
3460,0.0564715947981,,0.0826961858834,,0.0731501057082,0.0807861488067,,,,
3470,0.0564432284542,,0.0826509186352,,0.0732208157525,0.0807800093414,,,,
3480,0.0565734742584,,0.0825938864629,,0.073251490705,0.0807792813812,,,,
3490,0.0566451173869,,0.0825196163906,,0.0732936646832,0.0807262569832,,,,
3500,0.0566269976199,,0.0827258257063,,0.0733694134078,0.0807119590507,,,,
3510,0.056645183175,,0.0829241160111,,0.073399512365,0.0806598513011,,,,
3520,0.0566474576271,,0.0830515873016,,0.0734226086957,0.0808734402852,,,,
3530,0.0566294416244,,0.0833267326733,,0.0734696707106,0.080868596882,,,,
3540,0.0565957446809,,0.0835191775405,,0.0734903047091,0.0808274021352,,,,
3550,0.0565699831366,,0.083729281768,,0.0735369220152,0.0817839533841,,,,
3560,0.0565297879502,,0.0839031114612,,0.0736169479848,0.0820874219447,,,,
3570,0.0564907563025,,0.084123427673,,0.0736691884457,0.0820820329915,,,,
3580,0.0564530201342,,0.0842425431711,,0.0737328296703,0.0820115709835,,,,
3590,0.0564142091153,,0.0844357366771,,0.0738171858952,0.081985784096,,,,
3600,0.0564061456246,,0.0846421587798,,0.0738516746411,0.081933481153,,,,
3610,0.0564021340447,,0.0847619047619,,0.0738826339133,0.0819336283186,,,,
3620,0.0564014647137,,0.0849201402415,,0.0738991138378,0.081919504644,,,,
3630,0.056395078151,,0.0849961089494,,0.0739538043478,0.0819011910013,,,,
3640,0.0563440503812,,0.0851339805825,,0.0739660441426,0.0825101397026,,,,
3650,0.0563422707713,,0.0851958123304,,0.0740094818828,0.0829722470904,,,,
3660,0.0563317911434,,0.0852680652681,,0.0740534144692,0.0829606440072,,,,
3670,0.0563300330033,,0.0854018547141,,0.0740566992913,0.0829030817329,,,,
3680,0.0563088574251,,0.0854959475106,,0.0740687100034,0.0828711547035,,,,
3690,0.0562668419323,,0.0855508474576,,0.074092131809,0.0828151447661,,,,
3700,0.0562163934426,,0.0856348900039,,0.0741403626595,0.0828063943162,,,,
3710,0.056207460733,,0.0857614115842,,0.0741923592493,0.0827918331114,,,,
3720,0.0561879895561,,0.085865237366,,0.0742269076305,0.0827558706247,,,,
3730,0.0561734028683,,0.0859288990826,,0.0742532576011,0.0827731092437,,,,
3740,0.05615234375,,0.0859839816934,,0.0742628418946,0.0827441449403,,,,
3750,0.0561183355007,,0.0860806697108,,0.0742614204735,0.0827096204766,,,,
3760,0.0560810372771,,0.086212294769,,0.0742662229617,0.0827028218695,,,,
3770,0.0560666882486,,0.0862766768293,,0.0742790697674,0.0826728313518,,,,
3780,0.0560213316096,,0.086370510397,,0.0742918739635,0.0826461538462,,,,
3790,0.0559883908417,,0.0864641509434,,0.0743391851606,0.0825976305397,,,,
3800,0.0559542967493,,0.086547439759,,0.0743495531281,0.0825635407537,,,,
3810,0.0559268762027,,0.086649135988,,0.0743310208127,0.082532808399,,,,
3820,0.0559411011524,,0.0867232277526,,0.0743294892916,0.0824726955002,,,,
3830,0.0559316075423,,0.0868289030326,,0.0743782894737,0.0824301919721,,,,
3840,0.0558986615679,,0.086946935725,,0.0743852728468,0.0823877995643,,,,
3850,0.0558728139905,,0.0870149253731,,0.0743879225468,0.0823411662315,,,,
3860,0.0558375634518,,0.0871221146687,,0.0744255319149,0.0822772707518,,,,
3870,0.0557739791073,,0.0872538089929,,0.0744226365718,0.0822178819444,,,,
3880,,,0.0873303670745,,0.0744219464402,0.082162982228,,,,
3890,,,0.0873935579415,,0.0744346692734,0.0821082251082,,,,
3900,,,0.0874833702882,,0.0744462540717,0.0820622568093,,,,
3910,,,0.0875954057058,,0.0744245773732,0.0822846943329,,,,
3920,,,0.0876553254438,,0.0744368711457,0.0822925958965,,,,
3930,,,0.0877067946824,,0.0744343598055,0.0822638146168,,,,
3940,,,0.0877847401401,,0.0744106217617,0.0822306322351,,,,
3950,,,0.0878734363503,,0.0744074911204,0.0822044444444,,,,
3960,,,0.0879353416605,,0.0744143272023,0.0821492007105,,,,
3970,,,0.087968463513,,0.0743893006768,0.0821409574468,,,,
3980,,,0.0880483339436,,0.0743936957221,0.0821425409473,,,,
3990,,,0.0880541331383,,0.0743912624478,0.0821185316232,,,,
4000,,,0.0881277372263,,0.074374599102,0.0820962047661,,,,
4010,,,0.0881632653061,,0.0743588103614,0.0821164021164,,,,
4020,,,0.0881556929793,,0.07437100894,0.0820748898678,,,,
4030,,,0.0882026143791,,0.0743799808734,0.0820457545095,,,,
4040,,,0.0882118244469,,0.0743644472762,0.0820263736264,,,,
4050,,,0.0882041998552,,0.0743434022258,0.0819789381308,,,,
4060,,,0.0882048498009,,0.0743015873016,0.0819894829097,,,,
4070,,,0.0882395382395,,0.0742843571881,0.0822510049129,,,,
4080,,,0.0882444124009,,0.0742694497154,0.0822366071429,,,,
4090,,,0.088263214671,,0.074252764613,0.0821989295272,,,,
4100,,,0.0883184576937,,0.074242519685,0.0821514476615,,,,
4110,,,0.088382038489,,0.074225440806,0.0821031569586,,,,
4120,,,0.0884418356457,,0.0741986172219,0.0820851818988,,,,
4130,,,0.0885450674237,,0.0742087654734,0.0820868409393,,,,
4140,,,0.0885547290117,,0.0742064817908,0.0820584329349,,,,
4150,,,0.0886455741202,,0.0741903171953,0.0820618101545,,,,
4160,,,0.0886976579134,,0.0742224442224,0.0820476610768,,,,
4170,,,0.0887606232295,,0.0742262895175,0.0820052886734,,,,
4180,,,0.088854718982,,0.0742107012296,0.0819850352113,,,,
4190,,,0.0888849682428,,0.074175787728,0.0819481090589,,,,
4200,,,0.0889612676056,,0.074178807947,0.0819350592365,,,,
4210,,,0.0889950808152,,0.0741842800528,0.0819368974584,,,,
4220,,,0.0890497896213,,0.0742084432718,0.081941407958,,,,
4230,,,0.0890899544977,,0.0742108731466,0.0819528178244,,,,
4240,,,0.089143955276,,0.0742020401448,0.0819249236141,,,,
4250,,,0.089218422889,,0.0741819973719,0.0818902439024,,,,
4260,,,0.0892645521087,,0.0741855129466,0.081862489121,,,,
4270,,,0.0893567454798,,0.0742108709889,0.0818339852238,,,,
4280,,,0.0893995140576,,0.0742086330935,0.081935483871,,,,
4290,,,0.089403812825,,0.0742031352057,0.0820187601958,,,,
4300,,,0.0894007620367,,0.0742191066188,0.0820415647922,,,,
4310,,,0.0893780234969,,0.0742182410423,0.0821326821327,,,,
4320,,,0.0894097342078,,0.0741710013004,0.0822502030869,,,,
4330,,,0.0894383184011,,0.0741442026632,0.0823286004057,,,,
4340,,,0.0894597384721,,0.074130223518,0.0824098825435,,,,
4350,,,0.0894845360825,,0.0741229773463,0.0825040453074,,,,
4360,,,0.0895231560892,,0.0741047188106,0.0825999192572,,,,
4370,,,0.0895512161699,,0.0740567558852,0.082634126664,,,,
4380,,,0.08957577831,,0.0740527500804,0.0826964933495,,,,
4390,,,0.0895934403826,,0.0740353697749,0.0827938808374,,,,
4400,,,0.0896145975443,,0.0740384615385,0.0831451612903,,,,
4410,,,0.0896286201022,,0.0740339634732,0.0832483221477,,,,
4420,,,0.0896971759102,,0.0740339091491,0.0832245080501,,,,
4430,,,0.0897315664288,,0.0740051101884,0.0831858802502,,,,
4440,,,0.0897964721845,,0.0739547482473,0.083212,,,,
4450,,,0.0898305659099,,0.0739433481859,0.083302715655,,,,
4460,,,0.0898443843031,,0.0739180171592,0.0833811802233,,,,
4470,,,0.0898580601555,,0.0739334389857,0.0834687375548,,,,
4480,,,0.0898717516031,,0.0739309471017,0.0834978113808,,,,
4490,,,0.0898785425101,,0.0739222503161,0.0835836313071,,,,
4500,,,0.089871967655,,0.0738857323232,0.0836165144899,,,,
4510,,,0.0899023240148,,0.0738626339004,0.0836702338486,,,,
4520,,,0.0898891501512,,0.0737955974843,0.0837212984956,,,,
4530,,,0.0899093351242,,0.0737425431711,0.0837341772152,,,,
4540,,,0.0898949864499,,0.073712406015,0.0838033175355,,,,
4550,,,0.0899153976311,,0.0736679174484,0.0838880126183,,,,
4560,,,0.0899652657173,,0.0736306924517,0.0839085894405,,,,
4570,,,0.0900242718447,,0.07356565028,0.0839299763965,,,,
4580,,,0.0900692281066,,0.0735507921715,0.0839891556933,,,,
4590,,,0.0900656984786,,0.073523573201,0.0840332559938,,,,
4600,,,0.090065585088,,0.0735004642526,0.0841135573581,,,,
4610,,,0.0900482425913,,0.0734507259808,0.084212962963,,,,
4620,,,0.0900585197935,,0.0733970406905,0.0843489984592,,,,
4630,,,0.0900893777931,,0.0733815384615,0.0843670642555,,,,
4640,,,0.0900961208376,,0.0733640270104,0.0844427363566,,,,
4650,,,0.0901439342015,,0.0733374195526,0.084497313891,,,,
4660,,,0.0901745977405,,0.0733159987764,0.084618919954,,,,
4670,,,0.0902050580998,,0.0732956627978,0.084707456979,,,,
4680,,,0.09021167634,,0.0732530487805,0.0848033600611,,,,
4690,,,0.0902488919195,,0.07324513382,0.0848474446987,,,,
4700,,,0.0902587674498,,0.0732138517618,0.084887704606,,,,
4710,,,0.090248383804,,0.0731867798666,0.0849714937286,,,,
4720,,,0.0903022071307,,0.0731607629428,0.0850569044006,,,,
4730,,,0.0903324287653,,0.0731357726036,0.0851553030303,,,,
4740,,,0.0903589569929,,0.0730848173861,0.0852004538578,,,,
4750,,,0.0904362529591,,0.0730400723109,0.0853189882975,,,,
4760,,,0.090442418102,,0.073017733694,0.0853993971364,,,,
4770,,,0.090455311973,,0.0729861944778,0.0854552294959,,,,
4780,,,0.0904585300067,,0.0729332535169,0.0855259203606,,,,
4790,,,0.0904611242006,,0.0728998505232,0.0856092988376,,,,
4800,,,0.090464333782,,0.0728639618138,0.0856687898089,,,,
4810,,,0.0904801880457,,0.0728095238095,0.0857426112982,,,,
4820,,,0.0904865771812,,0.0727612826603,0.0858737864078,,,,
4830,,,0.0905160857909,,0.0726798933965,0.0859656972409,,,,
4840,,,0.0904989953115,,0.0726410635155,0.0860297951583,,,,
4850,,,0.0904648829431,,0.0725876805187,0.0861063592414,,,,
4860,,,0.090407345576,,0.0725198471038,0.0862049758633,,,,
4870,,,0.0903735823883,,0.0724435318275,0.0862995921394,,,,
4880,,,0.0903894806924,,0.0723493270919,0.0863656550703,,,,
4890,,,0.0904205769899,,0.0722936046512,0.0864177449168,,,,
4900,,,0.0904824713641,,0.0722793263647,0.0864673311185,,,,
4910,,,0.0905129982669,,0.0713643178411,0.0865536306672,,,,
4920,,,0.0905122879889,,0.0713494913226,0.0866249539934,,,,
4930,,,0.090511933587,,,0.0866727941176,,,,
4940,,,0.0905036219386,,0.0712835820896,0.0867021667279,,,,
4950,,,0.0905270409921,,0.0712727272727,0.086769343601,,,,
4960,,,0.0905406336088,,,0.0868216770414,,,,
4970,,,0.0905603300103,,,0.0868397951719,,,,
4980,,,0.0905971173644,,,0.086905370844,,,,
4990,,,0.0906273568735,,,0.0869390733309,,,,
5000,,,0.0906504621705,,,0.0869438366156,,,,
5010,,,0.0906598290598,,,0.0869286754003,,,,
5020,,,0.0906991814461,,,0.0869526952695,,,,
5030,,,0.090712338105,,,0.0869875549048,,,,
5040,,,0.0907587614835,,,0.0869849981705,,,,
5050,,,0.0908086986069,,,0.0869806498722,,,,
5060,,,0.0908353140917,,,0.0870021881838,,,,
5070,,,0.0908915254237,,,0.0869810633649,,,,
5080,,,0.090924796748,,,0.0869712413542,,,,
5090,,,0.0909235453315,,,0.0869527272727,,,,
5100,,,0.0909422492401,,,0.0869856115108,,,,
5110,,,0.090938238272,,,0.087029454023,,,,
5120,,,0.0909642616318,,,0.087063463607,,,,
5130,,,0.0909568733154,,,0.0871285356248,,,,
5140,,,0.0909693705823,,,0.0871566523605,,,,
5150,,,0.0909512605042,,,0.0872142857143,,,,
5160,,,0.0909365558912,,,0.0872762923351,,,,
5170,,,0.0909228187919,,,0.0873513705945,,,,
5180,,,0.0908883674154,,,0.0874093816631,,,,
5190,,,0.0908366800535,,,0.0874556422995,,,,
5200,,,0.0908026755853,,,0.0875522493801,,,,
5210,,,0.0907743658211,,,0.0875840113194,,,,
5220,,,0.0908302767589,,,0.0876059322034,,,,
5230,,,0.0908524808525,,,0.0876622002821,,,,
5240,,,0.0908682634731,,,0.087703416696,,,,
5250,,,0.0909102990033,,,0.0877469244288,,,,
5260,,,0.0909226684368,,,0.0877929824561,,,,
5270,,,0.0909485903814,,,0.0878135949544,,,,
5280,,,0.090940397351,,,0.0878586424073,,,,
5290,,,0.0909523809524,,,0.0879035639413,,,,
5300,,,0.0909646514701,,,0.0879720767888,,,,
5310,,,0.0909640145262,,,0.0880083711196,,,,
5320,,,0.0909468822171,,,0.0880640668524,,,,
5330,,,0.0909348255431,,,0.0881258692629,,,,
5340,,,0.0909375,,,0.0881777160708,,,,
5350,,,0.0909398619783,,,0.0881767764298,,,,
5360,,,0.0909484739088,,,0.0881918947004,,,,
5370,,,0.0909317585302,,,0.0881897453784,,,,
5380,,,0.0909132569558,,,0.0882305816789,,,,
5390,,,0.0909025506867,,,0.0882295652174,,,,
5400,,,0.0909079033312,,,0.0882460372157,,,,
5410,,,0.0909043421482,,,0.0882685025818,,,,
5420,,,0.0909022801303,,,0.0883012379642,,,,
5430,,,0.090905242592,,,0.088331043956,,,,
5440,,,0.0909002274943,,,0.0883533447684,,,,
5450,,,0.0909117456197,,,0.0883824537354,,,,
5460,,,0.0909170447181,,,0.0884052019165,,,,
5470,,,0.0909317373018,,,0.0884341880342,,,,
5480,,,0.0909376010346,,,0.0884533970638,,,,
5490,,,0.0909428479173,,,0.0884652114598,,,,
5500,,,0.090937802127,,,0.0884867075665,,,,
5510,,,0.0909246134021,,,0.0885670524166,,,,
5520,,,0.0909266409266,,,0.0885952380952,,,,
5530,,,0.0909161041466,,,0.0886204553177,,,,
5540,,,0.0908924558587,,,0.0887003732609,,,,
5550,,,0.0908819756254,,,0.0887148185826,,,,
5560,,,0.0908715155399,,,0.0887271496276,,,,
5570,,,0.0908450704225,,,0.0887453500169,,,,
5580,,,0.0908242811502,,,0.0887538304392,,,,
5590,,,0.0908234918608,,,0.0887750935692,,,,
5600,,,0.0907998725303,,,0.0887782652717,,,,
5610,,,0.0907895574658,,,0.0888055649813,,,,
5620,,,0.0907694753577,,,0.0888,,,,
5630,,,0.0907301587302,,,0.0888105726872,,,,
5640,,,0.0906975269499,,,0.0888316965797,,,,
5650,,,0.0906649778341,,,0.0888227334235,,,,
5660,,,0.0906163084703,,,0.08884719405,,,,
5670,,,0.0905715187875,,,0.0888344594595,,,,
5680,,,0.0905075662043,,,0.0887951400607,,,,
5690,,,0.0904845814978,,,0.0887938005391,,,,
5700,,,0.0904586867735,,,0.088780734254,,,,
5710,,,0.0904200626959,,,0.0887756474941,,,,
5720,,,0.0903537883532,,,0.0887331989247,,,,
5730,,,0.0903344795249,,,0.0887176905002,,,,
5740,,,0.0902902621723,,,0.0886921529175,,,,
5750,,,,,,0.08869768999,,,,
5760,,,,,,0.0886952157912,,,,
5770,,,,,,0.0886501837621,,,,
5780,,,,,,0.0886348464619,,,,
5790,,,,,,0.0886290860574,,,,
5800,,,,,,0.0886109260493,,,,
5810,,,,,,0.0886056572379,,,,
5820,,,,,,0.0886027944112,,,,
5830,,,,,,0.0886013289037,,,,
5840,,,,,,0.0885633709356,,,,
5850,,,,,,0.088551061008,,,,
5860,,,,,,0.0885618846695,,,,
5870,,,,,,0.0885990168539,,,,
5880,,,,,,0.0886255259467,,,,
5890,,,,,,0.0886334968465,,,,
5900,,,,,,0.0886703988803,,,,
5910,,,,,,0.0886743616649,,,,
5920,,,,,,0.0887312128626,,,,
5930,,,,,,0.0887705204331,,,,
5940,,,,,,0.0888280432508,,,,
5950,,,,,,0.0888784395681,,,,
5960,,,,,,0.0889140271493,,,,
5970,,,,,,0.0889572471324,,,,
5980,,,,,,0.0889586948976,,,,
5990,,,,,,0.0889663544918,,,,
6000,,,,,,0.088959778086,,,,
6010,,,,,,0.0889442713742,,,,
6020,,,,,,0.0889733840304,,,,
6030,,,,,,0.0890055248619,,,,
6040,,,,,,0.0890131124914,,,,
6050,,,,,,0.0890313684936,,,,
6060,,,,,,0.0890458146745,,,,
6070,,,,,,0.089074010327,,,,
6080,,,,,,0.0890990371389,,,,
6090,,,,,,0.0891205771213,,,,
6100,,,,,,0.0891455044612,,,,
6110,,,,,,0.0891529492455,,,,
6120,,,,,,0.0891740918437,,,,
6130,,,,,,0.0891989044848,,,,
6140,,,,,,0.0892099863201,,,,
6150,,,,,,0.0892278783738,,,,
6160,,,,,,0.0892386480027,,,,
6170,,,,,,0.0892596383487,,,,
6180,,,,,,0.0893251533742,,,,
6190,,,,,,0.0893596730245,,,,
6200,,,,,,0.089377339231,,,,
6210,,,,,,0.0893879632778,,,,
6220,,,,,,0.0894633152174,,,,
6230,,,,,,0.0894704684318,,,,
6240,,,,,,0.089477789081,,,,
6250,,,,,,0.0894815316842,,,,
6260,,,,,,0.0895022011514,,,,
6270,,,,,,0.0895027063599,,,,
6280,,,,,,0.0895130199527,,,,
6290,,,,,,0.0895199459094,,,,
6300,,,,,,0.089527027027,,,,
6310,,,,,,0.0895239702903,,,,
6320,,,,,,0.0895377867746,,,,
6330,,,,,,0.0895278246206,,,,
6340,,,,,,0.0894978092349,,,,
6350,,,,,,0.0895254123191,,,,
6360,,,,,,0.0895188425303,,,,
6370,,,,,,0.0894821788837,,,,
6380,,,,,,0.0894455645161,,,,
6390,,,,,,0.0894125545485,,,,
6400,,,,,,0.0894130127298,,,,
6410,,,,,,0.0894560226069,,,,
6420,,,,,,0.0894638447972,,,,
6430,,,,,,0.0895068686157,,,,
6440,,,,,,0.0895497713683,,,,
6450,,,,,,0.0895609413418,,,,
6460,,,,,,0.0895964912281,,,,
6470,,,,,,0.0896318373072,,,,
6480,,,,,,0.0896777583187,,,,
6490,,,,,,0.0897479873994,,,,
6500,,,,,,0.0897655703289,,,,
6510,,,,,,0.0898148148148,,,,
6520,,,,,,0.0898813677599,,,,
6530,,,,,,0.0898988842399,,,,
6540,,,,,,0.0899163763066,,,,
6550,,,,,,0.0899477897668,,,,
6560,,,,,,0.089947826087,,,,
6570,,,,,,0.0899374565671,,,,
6580,,,,,,0.0899409517193,,,,
6590,,,,,,0.0899305796598,,,,
6600,,,,,,0.0899202772964,,,,
6610,,,,,,0.0899411153446,,,,
6620,,,,,,0.0899515235457,,,,
6630,,,,,,0.0899827169029,,,,
6640,,,,,,0.0899827228749,,,,
6650,,,,,,0.09,,,,
6660,,,,,,0.0900172473267,,,,
6670,,,,,,0.0900379179593,,,,
6680,,,,,,0.0900585399449,,,,
6690,,,,,,0.090079119367,,,,
6700,,,,,,0.0901065292096,,,,
6710,,,,,,0.0901133241758,,,,
6720,,,,,,0.0901338825953,,,,
6730,,,,,,0.0901611244429,,,,
6740,,,,,,0.0901576422207,,,,
6750,,,,,,0.0901745977405,,,,
6760,,,,,,0.0901880984952,,,,
6770,,,,,,0.0901982905983,,,,
6780,,,,,,0.0902527322404,,,,
6790,,,,,,0.0902832764505,,,,
6800,,,,,,0.0903273099216,,,,
6810,,,,,,0.0903304940375,,,,
6820,,,,,,0.0903846153846,,,,
6830,,,,,,0.090425170068,,,,
6840,,,,,,0.0904250255015,,,,
6850,,,,,,0.0904245923913,,,,
6860,,,,,,0.0904243041412,,,,
6870,,,,,,0.0904443690638,,,,
6880,,,,,,0.0904476093591,,,,
6890,,,,,,0.0904571622079,,,,
6900,,,,,,0.0904637779282,,,,
6910,,,,,,0.0904703891709,,,,
6920,,,,,,0.0904798918554,,,,
6930,,,,,,0.0904763513514,,,,
6940,,,,,,0.0904863221884,,,,
6950,,,,,,0.0904655870445,,,,
6960,,,,,,0.0904617458713,,,,
6970,,,,,,0.0904243853149,,,,
6980,,,,,,0.0903901782711,,,,
7000,,,,,,0.0903560631508,,,,
7020,,,,,,0.090305266689,,,,
7030,,,,,,0.0902912621359,,,,
7060,,,,,,0.090287241149,,,,
7070,,,,,,0.0902937249666,,,,
7080,,,,,,0.0902964690207,,,,
